Region,Year,ctyp,calfin,pseudo,penilia,tlong,cham,echino,larvaceans,para,gas,acarspp,mlucens,evadnespp,salps,oithspp,cirr,chaeto,hyper,gam,evadnord,calminor,copepoda,clauso,dec,euph,prot,acarlong,euc,pel,poly,podon,fish,bry,fur,calspp,oncaea,cory,ost,tstyl,oithspin,mysids,temspp,tort,paraspp,scyphz,anthz,siph,hydrom,coel,ctenop,euph1,thysin,megan,thysra,thyslo,eupham,euphkr,euphspp,thysgr,nemaspp,stylspp,stylel,nemame,thysspp,shysac,thypsp,nemabo,thecos,spirre,spirhe,spirin,spirtr,spirspp,clispp,crevir,diatri,clicus,clipyr,cavunc,cavoli,cavlon,stysub,spirbu,crespp
1,1977,2.7143,51614,6843.7,0,10.914,10.914,5.9143,0,0.54286,32.857,21.857,3664.4,10.914,0,195.97,0.25714,29.829,95.771,0.51429,0,0,0,0,1.6857,61.343,0,17.057,0,0,4.3143,0,10.8,0,0,0,0,0,2.5143,0,12.886,0,0,0,0,0,0,0,0,0,0,15.229,0,41.229,0,4.3714,0,0,0,0,0,0,0,0.51429,0,0,0,0,28.171,0,0,0,0,0.54286,0,0,0,0,0,0,0,0,0,0,0
1,1978,10.286,33768,2928.9,0,0,0,11.929,0,1.5714,10,0,2095.6,0,0,13.071,0,6,4481.4,0,0,0,38.786,0,0,36.643,0,25.714,0,9.2857,2.6429,0,9.2857,0,0,2,0,0,22.214,0,0,0,0,0,0,0,0,0,0,0,0,23.643,0,13,0,0,0,0,0,0,0,0,0,0,0,0,0,0,0,0,0,0,0,0,0,0,0,0,0,0,0,0,0,0,0
1,1979,1305.5,38203,5838.2,0,1.2353,1.4118,4611.7,983.35,11.353,20690,132,23305,12.176,0,2445.9,326.71,56.529,2258.1,0,0,0,48.647,25.765,13.529,325.12,1.2353,195.94,0,1.8235,29.471,0,0,5.7059,0,0,0,0,0,0,874.12,0,0,5.4706,0,0,0,57.824,0,0,0,325.12,0,0,0,0,0,0,0,0,0,0,0,0,0,0,0,0,0,15097,0,0,0,5561.6,0,0,0,0,0,0,0,0,0,0,0
1,1980,520.78,21274,4627.3,0,42.87,0,86.957,502.57,109.61,381.39,16.478,16485,0,0,777.09,126.52,75,88.13,6.5652,23.087,0,11.391,30.652,31.435,53.348,122.22,94.217,0,4.0435,11.304,0,1.5652,0,0,3394.4,0,0,0,0,757.52,1,0,0,0,0,0,102.22,0,0.086957,0,45.696,0,7.6522,0,0,0,0,0,0,0,0,0,0,0,0,0,0,0,237.74,0,0,0,57.391,0,0,0,0,0,0,0,0,0,0,0
1,1981,270.86,59263,6208.7,0,8.9048,8.9048,303.81,0,17.905,48.333,373.48,13858,0,0,241,4.4762,70.857,845.48,12.905,658.76,0,4615.7,20.381,17.429,37.381,33.667,165.38,0,0,49.667,0,76.048,0,0,1978.4,0,0,0,0,371.05,0,0,0,0,0,0,9.4286,0,2,0,32.905,0,4.4762,0,0,0,0,0,0,0,0,0,0,0,0,0,0,0,26.238,0,0,0,3.9524,0,0,0,0,0,0,0,0,0,0,0
1,1982,1054.7,21992,13330,0,16.778,1.3333,186.78,475.72,22.944,3629.7,95.944,30384,25.389,0,3852.8,17.222,19.444,3135.8,16.333,0,0,2.4444,35.667,2.3889,64.833,2.4444,17.5,0,5.2778,59.778,0,6.6111,0,0,4,0,0,0,0,115.78,0,0,0,32.667,0,0,170.89,0,0,0,64,0,0.77778,0,0,0,0,0,0,0,0,0,0,0,0,0,0,1106.6,0,0,0,0,2175.7,0,0,0,0,0,0,0,0,0,0,0
1,1983,205.65,18220,1202.2,0,53.353,14.529,3450.5,3315.7,0,216.53,446.59,901.82,26.353,0,920.24,0.64706,0.88235,2.4706,5.0588,0,0,3183,2.4706,0,165.65,0,166.18,0,0,3.7647,0,0,0,0,7.8824,0,0,0,0,0,0,0,0,0,0,0,58.353,0,0,0,164.35,0,1.2941,0,0,0,0,0,0,0,0,0,0,0,0,0,0,2.5882,29.706,0,0,0,39.706,0,0,0,0,0,0,0,0,0,0,0
1,1984,2.5455,30045,1197.5,0,13.273,0,308.36,7.7273,0,14.545,82.636,1357,0,0,20.273,4.4545,0.27273,5.1818,2.5455,0,0,322.91,0,1,51.818,2.2727,0,0,4.3636,23.091,0,0,0,0,70.636,0,0,0,0,0,0,0,0,0,0,0,3.6364,0,0,0,51.818,0,0,0,0,0,0,0,0,0,0,0,0,0,0,0,0,0,0,0,0,0,2.2727,0,0,0,0,0,0,0,0,0,0,0
1,1985,7.2,7473,1012.8,0,0,0,0,29.2,0,0,0,61.4,0,0,2.8,2.2,0,0,3.4,0,0,77.6,0,0,18.2,18,0,0,52.6,63.2,0,0,0,0,21.2,0,0,4.2,0,0,0,0,0,0,0,0,0,0,0,0,14.8,0,3.4,0,0,0,0,0,0,0,0,0,0,0,0,0,0,0,0,0,0,0,0,0,0,0,0,0,0,0,0,0,0,0
1,1986,18.737,35722,2076.7,0,0,42.368,1442.6,83.316,0,8.5263,539.63,740.26,103.79,0,109.11,9,0,9.2105,0,0,0,12.737,15.842,0,171.95,0,0,0,0,0,0,0,0,0,13.684,0,0,36.474,0,3,0,0,0,0,0,0,0,0,0,0,163.53,0,8.4211,0,0,0,0,0,0,0,0,0,0,0,0,0,0,3.7368,2.3684,0,0,0,0.57895,0,0,0,0,0,0,0,0,0,0,0
1,1987,79.571,28114,2432.5,0,59.429,12.143,1095.1,573,0,89.857,45.357,2060.8,53.071,0,796.21,629.86,0,10.5,0,0,0,528.21,3.0714,0,470.71,50.929,33.571,0,5.5,50.143,12.786,608.21,0,0,12.071,11.857,0,0,0,0,0,0,0,0,0,0,301.64,0,0,0,467.93,0,2.7857,0,0,0,0,0,0,0,0,0,0,0,0,0,0,3.1429,0,0,0,0,84.929,0,0,0,0,0,0,0,0,0,0,0
1,1988,0,2035.8,457.2,0,1,1,4422.2,61.2,0,4.8,1,50.2,2.2,0,408,11.4,3.6,10,1,0,0,3361.2,0,0,33.2,1,0,0,1,2,0,0,0,0,82.2,0,0,0,0,0,0,0,1,0,0,0,0,0,0,0,33.2,0,0,0,0,0,0,0,0,0,0,0,0,0,0,0,0,0,0,0,0,0,0,0,0,0,0,0,0,0,0,0,0,0
1,1989,NA,NA,NA,NA,NA,NA,NA,NA,NA,NA,NA,NA,NA,NA,NA,NA,NA,NA,NA,NA,NA,NA,NA,NA,NA,NA,NA,NA,NA,NA,NA,NA,NA,NA,NA,NA,NA,NA,NA,NA,NA,NA,NA,NA,NA,NA,NA,NA,NA,NA,NA,NA,NA,NA,NA,NA,NA,NA,NA,NA,NA,NA,NA,NA,NA,NA,NA,NA,NA,NA,NA,NA,NA,NA,NA,NA,NA,NA,NA,NA,NA,NA,NA,NA
1,1990,NA,NA,NA,NA,NA,NA,NA,NA,NA,NA,NA,NA,NA,NA,NA,NA,NA,NA,NA,NA,NA,NA,NA,NA,NA,NA,NA,NA,NA,NA,NA,NA,NA,NA,NA,NA,NA,NA,NA,NA,NA,NA,NA,NA,NA,NA,NA,NA,NA,NA,NA,NA,NA,NA,NA,NA,NA,NA,NA,NA,NA,NA,NA,NA,NA,NA,NA,NA,NA,NA,NA,NA,NA,NA,NA,NA,NA,NA,NA,NA,NA,NA,NA,NA
1,1991,NA,NA,NA,NA,NA,NA,NA,NA,NA,NA,NA,NA,NA,NA,NA,NA,NA,NA,NA,NA,NA,NA,NA,NA,NA,NA,NA,NA,NA,NA,NA,NA,NA,NA,NA,NA,NA,NA,NA,NA,NA,NA,NA,NA,NA,NA,NA,NA,NA,NA,NA,NA,NA,NA,NA,NA,NA,NA,NA,NA,NA,NA,NA,NA,NA,NA,NA,NA,NA,NA,NA,NA,NA,NA,NA,NA,NA,NA,NA,NA,NA,NA,NA,NA
1,1992,1206.6,19483,3218.8,0,69.727,15.636,5359.2,716.45,7.2727,17556,34,11166,932.82,0,3402.5,102.45,11.545,3260.8,0,0,0,0,10.545,0,287.36,29.182,0,0,0,19.909,0,10.818,91.182,0,0,0,0,784.82,0,0,0,3.6364,0,0,0,0,2619.8,0,14.636,0,287.36,0,0,0,0,0,0,0,0,0,0,0,0,0,0,0,0,3198.2,0,0,0,0,14294,0,0,0,0,0,0,0,0,0,0,0
1,1993,671,66413,8339.1,0,0,0,14704,1022,10.6,816.6,99.9,12323,0,0,3502.4,334.1,195.4,131.7,4.4,0,0,2.2,21.4,6.4,1338.8,0,45.7,0,0,43.6,0,4.4,83.4,0,10.9,0,0,207.7,0,0,0,10.9,0,0,0,0,168.7,0,43.7,0,1334.5,4.2,0,0,0,0,0,0,0,0,0,0,0,0,0,0,0,13.3,0,0,0,0,803.3,0,0,0,0,0,0,0,0,0,0,0
1,1994,165.82,44612,3578.8,0,15.091,2.0909,6678,1063.9,7.1818,214.64,48.091,6239.7,6.2727,0,1435.5,165,172.18,324.73,0,0,15.091,114,2.1818,0,240.55,0,75.455,0,0,89.273,0,0.90909,32,0,30.818,0,0,181.73,0,0,0,2.0909,2.0909,0,0,0,510.45,0,7.6364,0,238.64,0,1.9091,0,0,0,0,0,0,0,0,0,0,0,0,0,0,45.273,0,0,0,0,17.364,0,0,0,0,0,0,0,0,0,0,0
1,1995,635.27,49484,3825.1,0,0,49.455,2312.5,2714,0,195.91,0,3196.1,305.91,0,1019,0,15.636,769.27,0,0,0,23.364,24.091,0,633.73,0,0,0,0,60.182,0,12.091,36.273,0,15.364,0,0,345.55,0,0,0,0,0,0,0,0,358.91,0,56.545,0,633.73,0,0,0,0,0,0,0,0,0,0,0,0,0,0,0,0,74,0,0,0,0,117.82,0,0,0,0,0,0,0,0,0,0,0
1,1996,1085.3,51310,7121.5,0,320.83,298.83,70098,1146.5,0,3797.3,0,6170.7,6198.2,0,1015.5,194.83,0,3856.2,0,0,0,0,0,0,2482.8,0,49.833,0,0,134.67,0,49.833,50.667,0,0,0,0,1861.7,0,100.33,0,0,14.333,0,0,0,1481,0,65.833,0,2396.8,0,86,0,0,0,0,0,0,0,0,0,0,0,0,0,0,3484.3,0,0,0,0,313,0,0,0,0,0,0,0,0,0,0,0
1,1997,2105.5,41920,7768.3,0,226.17,56.5,39281,128.17,0,1246.5,0,8431.2,565.33,0,4230.8,240.5,0,359.67,0,0,0,13.167,0,0,752.17,0,0,0,13.167,174.67,0,30.667,0,0,30.667,0,0,577.33,0,0,0,0,0,0,0,0,13.167,0,13.167,0,752.17,0,0,0,0,0,0,0,0,0,0,0,0,0,0,0,0,242.5,0,0,0,0,947.5,0,0,0,0,0,0,0,0,0,0,0
1,1998,686.9,35388,2440.2,0,122.8,0,26869,9507,0,15926,15.5,7050.9,736.9,0,6205.7,0,70.5,126.5,0,0,0,2040.3,72,13.1,1714.4,0,23.6,0,47.3,287.4,0,0,270.4,0,13,0,0,1035.1,0,0,0,0,0,0,0,0,2097.3,0,107.3,0,1714.4,0,0,0,0,0,0,0,0,0,0,0,0,0,0,0,0,900.1,0,0,0,0,14946,0,0,0,0,0,0,0,0,0,0,0
1,1999,1681.4,25285,10047,0,0,0,19021,183,0,15279,0,30625,0,83.2,9272,0,0,3552,0,0,0,136.8,118,0,319.2,68.4,68.4,0,0,606.4,0,0,1158.8,0,0,0,0,3680.2,0,0,0,0,57,0,0,0,606.4,0,136.8,0,319.2,0,0,0,0,0,0,0,0,0,0,0,0,0,0,0,0,15279,0,0,0,0,0,0,0,0,0,0,0,0,0,0,0,0
1,2000,1123.2,46484,4047.2,0,305.5,106,9070.2,854.25,0,121.5,43.75,7294.5,1103.8,0,4698.5,0,0,137.25,0,0,0,0,68.5,0,359.75,0,93.5,0,21.75,0,21.75,0,18.75,0,0,0,0,96.5,0,0,0,0,0,0,0,0,1011.2,0,21.75,0,325.5,0,34.25,0,0,0,0,0,0,0,0,0,0,0,0,0,0,87.25,0,0,0,0,34.25,0,0,0,0,0,0,0,0,0,0,0
1,2001,773.43,96078,30661,0,511.29,0,19928,1225.9,43.429,7986.6,148,28879,3004.4,0,2868.7,86.714,237.43,2518.1,0,0,0,0,0,0,851.86,0,0,0,0,225.43,0,28.143,277.86,0,196.71,520.29,0,1146.7,0,0,0,0,0,0,0,0,476,0,0,0,851.86,0,0,0,0,0,0,0,0,0,0,0,0,0,0,0,0,7112,0,0,0,0,855.14,0,0,0,0,0,0,0,0,0,0,0
1,2002,0,94431,570.12,0,0,0,834.12,0,0,29.5,143.88,1059.6,0,0,331.75,8.75,1.25,0,0,0,0,2016,0.625,4.25,63.25,0,244.88,0,0,18.625,0,0,118,0,154.38,0,0,0,0,0,0,0,0,0,0,0,0,0,0,0,61.625,0,1.625,0,0,0,0,0,0,0,0,0,0,0,0,0,0,13.125,0,0,0,0,2.125,0,0,0,0,0,0,0,0,0,0,0
1,2003,444.51,0,0,0,0,0,0,0,0,0,0,0,0,0,0,0,0,0,0,0,0,0,0,0,0,0,0,0,0,0,0,0,0,0,0,0,0,0,0,0,0,0,0,0,0,0,0,0,0,0,0,0,0,0,0,0,0,0,0,0,0,0,0,0,0,0,0,0,0,0,0,0,0,0,0,0,0,0,0,0,0,0,0,0
1,2004,4.375,68066,2383.8,0,0,0,37.25,0,0,112.75,0,400.5,0,0,1064.4,57,0,140.12,0,0,0,255.75,0,0,6.25,0,0,0,0,0,0,0,0,0,36.5,3.125,0,0,0,0,0,0,0,0,0,0,0,0,0,0,3.125,0,3.125,0,0,0,0,0,0,0,0,0,0,0,0,0,0,0,0,0,0,0,112.75,0,0,0,0,0,0,0,0,0,0,0
1,2005,0,19363,285.14,0,0,5.7143,11910,87.571,0,87.571,0,341.29,34.286,0,2731.6,243.86,0,0,0,0,0,28999,7.7143,0,106.71,262.57,45.714,0,7.7143,95.286,0,0,0,0,144,87.571,0,0,0,0,0,0,0,0,0,0,0,0,0,0,106.71,0,0,0,0,0,0,0,0,0,0,0,0,0,0,0,0,0,0,0,0,0,0,0,0,0,0,0,0,0,0,0,0,0
1,2006,0,19470,202.62,0,0,0,8493,1117.4,0,76.125,38,247.5,38.5,0,3585.4,42.125,0,0,0,0,0,31939,3.125,0,496.88,0,145,0,0,127.38,3.125,5.875,0,0,208.62,0,0,0,0,0,0,0,0,0,0,0,3.125,0,0,0,496.88,0,0,0,0,0,0,0,0,0,0,0,0,0,0,0,0,4.75,0,0,0,0,9.25,0,0,0,0,0,0,0,0,0,0,0
1,2007,2.5714,24668,285.57,0,0,0,145.86,37.571,2.5714,19.286,0,382.43,25.143,0,271.57,36.571,0,91.429,0,0,0,5647,12.714,3.5714,67.286,0,0,0,0,0,0,0,0,0,206.29,0,0,0,0,0,0,0,6.1429,0,0,0,9.5714,0,0,0,63.857,0,3.5714,0,0,0,0,0,0,0,0,0,0,0,0,0,0,9.5714,0,0,0,0,9.5714,0,0,0,0,0,0,0,0,0,0,0
1,2008,18.286,15886,726.43,0,0,0,546.43,17.143,0,4.5714,5.7143,340.71,0,0,145.57,45.571,0,0,0,0,0,50.429,0,5.2857,62.429,0,0,0,0,29.714,0,0,0,0,295.43,0,0,0,0,0,0,0,0,0,0,0,0,0,0,0,59.571,0,2.8571,0,0,0,0,0,0,0,0,0,0,0,0,0,0,4.5714,0,0,0,0,0,0,0,0,0,0,0,0,0,0,0,0
1,2009,17.25,15127,306.62,0,55.625,0,651.5,80.625,0,16.875,0,275.38,111.38,0,760.25,50.625,8,53.125,0,0,0,11023,11.125,0,3.5,29.875,0,0,6.875,8.375,0,12.5,0,0,187.75,109.88,0,0,0,0,0,0,0,0,0,0,23.5,0,0,0,0,0,3.5,0,0,0,0,0,0,0,0,0,0,0,0,0,0,0,0,0,0,0,4.375,0,0,0,0,0,0,0,0,0,0,0
1,2010,86.333,21369,1729.1,0,15.444,6.7778,532.67,58.222,1.2222,10,13.778,898.22,176.44,0,420,37.444,8.3333,20.222,0,0,2.6667,416.56,18.556,1.2222,18.778,0,186.11,0,0,21.556,0,1.8889,2.6667,0,38.222,0,0,127.78,0,0,0,0,0,0,0,0,120.67,0,0,0,18.778,0,0,0,0,0,0,0,0,0,0,0,0,0,0,0,0,4.5556,0,0,0,0,0,0,0,0,0,0,0,0,0,0,0,0
1,2011,30,38211,1614.5,0,20.769,0.69231,407.54,117.92,2.6154,41.615,39.231,1295.7,56.462,0,705.77,45.077,2.7692,73.077,0,0,0,2097.9,27.231,1.1538,142.38,0,0.076923,0,0,7,0,0,0.69231,0,68.692,0,0,28.615,0,0,0,0,0,0,0,0,79.077,0,0.076923,0,139.92,0,2.4615,0,0,0,0,0,0,0,0,0,0,0,0,0,0,33.231,0,0,0,0,8.3846,0,0,0,0,0,0,0,0,0,0,0
1,2012,685.75,51428,2441.6,0,0,1.75,416.25,303.12,8.25,342.88,0,1376.4,125.38,0,626.88,0,0,0.375,17.875,0,0,17.875,138,0,717,0,0,0,0,0,0,0,2.625,0,19.375,0,0,53.75,0,0,0,0,107.75,0,0,0,88.375,0,0,0,716,0,1,0,0,0,0,0,0,0,0,0,0,0,0,0,0,247.75,0,0,0,0,95.125,0,0,0,0,0,0,0,0,0,0,0
1,2013,1288.8,20424,3047.5,0,0,0,6483,359.25,37.75,24.75,0,7893,50.5,0,6879.5,8.25,453.5,685.25,0,22.5,8.25,59,272.25,0,613.75,0,22.5,0,0,52,0,0,141.5,0,134.5,0,0,825.25,0,0,0,0,80,0,0,0,777.75,0,8.25,0,569,0,44.75,0,0,0,0,0,0,0,0,0,0,0,0,0,0,24.75,0,0,0,0,0,0,0,0,0,0,0,0,0,0,0,0
2,1977,12.75,31028,9133.5,0,0,0,0,0,0,0,0,3857.2,0,0,34,0,78.5,86.75,0,0,0,0,0,235.5,48.75,0,0,0,0,0,0,0,0,0,390,0,0,0,0,0,0,0,0,0,0,0,0,0,0,0,8.5,4,16.75,0,19.5,0,0,0,0,0,0,0,0,0,0,0,0,0,0,0,0,0,0,0,0,0,0,0,0,0,0,0,0,0
2,1978,0,36344,1235.8,0,0,1.25,0,0,37,0,0,2490,0,0,0,0,18.25,109.5,0,0,0,0,0,0,13.25,0,0,0,0,0,0,10.5,0,0,497.25,0,0,0,0,0,0,0,0,0,0,0,0,0,0,0,0,0,13.25,0,0,0,0,0,0,0,0,0,0,0,0,0,0,0,0,0,0,0,0,0,0,0,0,0,0,0,0,0,0,0
2,1979,451.5,33134,4030.8,0,0,14.167,16,17,0,923.67,8.5,11453,0,0,61.667,34.833,20.167,324,71.167,0,0,0,0,14.167,124.33,241,0,0,0,0,0,14.167,0,0,54.833,0,0,0,0,104.83,0,0,0,16,0,0,58,0,0,0,124.33,0,0,0,0,0,0,0,0,0,0,0,0,0,0,0,0,210.5,602.17,0,0,0,111,0,0,0,0,0,0,0,0,0,0,0
2,1980,96.308,47675,1455.8,0,0,6.1538,240.08,1292.5,11.077,265.85,38.923,8136,0,0,277.62,133.23,34.538,40.923,0,0,10,48,24.385,4,869.31,3.9231,27.692,0,0.76923,23.692,0,0,0,0,273.23,0.92308,0,0,0,378.92,0,0,0,0,0,0,72.308,0,0,0,864.23,0,5.0769,0,0,0,0,0,0,0,0,0,0,0,0,0,0,0,143.69,0,0,0,61.846,0,0,0,0,0,0,0,0,0,0,0
2,1981,110.73,34211,1846.6,0,48.091,0,0,198,5.2727,125.18,16.182,7055.8,0,0,43.545,0,45.636,54,0,0,0,5,6.9091,8.7273,199.27,9.6364,37,0,0.90909,31.909,0,0,0,0,55,0,0,1.9091,0,526.82,0,0,0,0,0,0,184.18,0,0.90909,0,164.27,0,35,0,0,0,0,0,0,0,0,0,0,0,0,0,0,1.9091,5.8182,0,0,0,43.636,0,0,0,0,0,0,0,0,0,0,0
2,1982,1193.4,18329,7396,0,8,0,24.455,382.91,81.818,2875.2,67.091,17299,8.6364,0,1083.6,76.091,22.818,342.91,0,0,0,0,453.27,0,859.27,551.55,0,0,0,9.3636,0,3.5455,0,0,5845.6,0,0,0,0,12.545,0,0,0,0,0,0,417.82,0,0,0,857.27,0,2,0,0,0,0,0,0,0,0,0,0,0,0,0,0,39.818,0,0,0,0,1534.5,0,0,0,0,0,0,0,0,0,0,0
2,1983,38.75,27246,1764.4,0,98.5,11.333,0.75,207.67,3.8333,17.5,59.417,612.92,1.6667,0,85.583,1.9167,0,10.25,0.75,0,0,0.75,0,3.5833,551.83,0.75,903.67,0,0,0,0,2.25,0,0,273.08,0,0,0,0,0,0,0,0,0,0,0,0,0,0,0,551.83,0,0,0,0,0,0,0,0,0,0,0,0,0,0,0,0,1.5833,0,0,0,0,14.333,0,0,0,0,0,0,0,0,0,0,0
2,1984,0,6512.9,1084.7,0,9.7778,9.7778,19.222,8010,0,90.556,0,733.89,0,0,121.56,29.222,1.1111,0,0,0,0,108,15.333,0,1333,1.2222,5.5556,0,1.2222,9.6667,0,9.7778,0,0,3076.3,0,0,1.2222,0,1.1111,0,0,0,0,0,0,0,0,0,0,1325.1,0,7.8889,0,0,0,0,0,0,0,0,0,0,0,0,0,0,0,0,0,0,0,21.556,0,0,0,0,0,0,0,0,0,0,0
2,1985,1.6667,6195.7,586.67,0,0,0,0,41.667,3.3333,583,0,299,0,0,3.3333,636.33,3.3333,0,0,0,0,0,0,0,15.667,0,0,0,0,0,0,0,0,0,67.333,0,0,0,0,0,0,0,0,0,0,0,0,0,0,0,14,0,1.6667,0,0,0,0,0,0,0,0,0,0,0,0,0,0,0,0,0,0,0,583,0,0,0,0,0,0,0,0,0,0,0
2,1986,4.8333,12962,380.33,0,0,0,0,0,0,599,14.5,297.58,0,0,11.833,13.75,0,1.6667,0,0,0,0,27.25,0,9.3333,306.67,0,0,0,5.5833,0,0,0,0,31.083,3.9167,3.5833,0,0,3.5833,1.5833,0,0,0,0,0,0,0,0,0,5.8333,0,3.5,0,0,0,0,0,0,0,0,0,0,0,0,0,0,0.41667,0,0,0,0,583.42,0,0,0,0,0,0,0,0,0,0,0
2,1987,0,32120,1825.9,0,117.9,18.9,73.2,7933.9,0,28.5,0,398.4,0,0,39.4,55.8,0,4.4,0,0,0,1.9,0,2.1,2017.2,32.5,4.1,0,0,82.7,0,2.1,0,0,871.9,10.2,0,0,0,0,0,0,0,0,0,0,114.2,0,86.2,0,2017.2,0,0,0,0,0,0,0,0,0,0,0,0,0,0,0,0,3.8,0,0,0,0,16.2,0,0,0,0,0,0,0,0,0,0,0
2,1988,0,3543,458.33,0,0,0,0,643,0,25,0,92.667,0,0,77.667,6.6667,6.6667,1.6667,0,0,0,62.667,1.6667,0,139.67,0,0,0,0,0,0,10.333,0,0,272.67,0,0,0,0,0,0,0,0,0,0,0,0,0,0,0,138,0,1.6667,0,0,0,0,0,0,0,0,0,0,0,0,0,0,0,0,0,0,0,1.6667,0,0,0,0,0,0,0,0,0,0,0
2,1989,NA,NA,NA,NA,NA,NA,NA,NA,NA,NA,NA,NA,NA,NA,NA,NA,NA,NA,NA,NA,NA,NA,NA,NA,NA,NA,NA,NA,NA,NA,NA,NA,NA,NA,NA,NA,NA,NA,NA,NA,NA,NA,NA,NA,NA,NA,NA,NA,NA,NA,NA,NA,NA,NA,NA,NA,NA,NA,NA,NA,NA,NA,NA,NA,NA,NA,NA,NA,NA,NA,NA,NA,NA,NA,NA,NA,NA,NA,NA,NA,NA,NA,NA,NA
2,1990,NA,NA,NA,NA,NA,NA,NA,NA,NA,NA,NA,NA,NA,NA,NA,NA,NA,NA,NA,NA,NA,NA,NA,NA,NA,NA,NA,NA,NA,NA,NA,NA,NA,NA,NA,NA,NA,NA,NA,NA,NA,NA,NA,NA,NA,NA,NA,NA,NA,NA,NA,NA,NA,NA,NA,NA,NA,NA,NA,NA,NA,NA,NA,NA,NA,NA,NA,NA,NA,NA,NA,NA,NA,NA,NA,NA,NA,NA,NA,NA,NA,NA,NA,NA
2,1991,NA,NA,NA,NA,NA,NA,NA,NA,NA,NA,NA,NA,NA,NA,NA,NA,NA,NA,NA,NA,NA,NA,NA,NA,NA,NA,NA,NA,NA,NA,NA,NA,NA,NA,NA,NA,NA,NA,NA,NA,NA,NA,NA,NA,NA,NA,NA,NA,NA,NA,NA,NA,NA,NA,NA,NA,NA,NA,NA,NA,NA,NA,NA,NA,NA,NA,NA,NA,NA,NA,NA,NA,NA,NA,NA,NA,NA,NA,NA,NA,NA,NA,NA,NA
2,1992,98.5,20941,2685,0,19.75,19.75,49.25,338.25,0,613.25,0,1577.5,0,0,824.25,23.25,23.75,329,0,0,0,0,0,4.75,539.25,0,0,0,0,0,0,0,0,0,462.25,0,0,0,0,0,0,0,0,0,0,0,59,0,29.5,0,539.25,0,0,0,0,0,0,0,0,0,0,0,0,0,0,0,0,442.5,0,0,0,0,170.75,0,0,0,0,0,0,0,0,0,0,0
2,1993,132,10160,5557.5,0,80.5,32.5,0,229.75,0,70.5,10.75,1320.5,0,0,543.5,214.5,6,59.25,0,0,2179.5,0,0,0,286.25,0,16.75,0,0,18.75,0,0,11.75,0,113.75,0,0,15.75,0,0,0,21.5,0,0,0,0,1131.5,0,0,0,273.5,0,0,0,0,0,12.75,0,0,0,0,0,0,0,0,0,0,3,0,0,0,0,20,0,0,0,0,0,0,0,0,0,0,0
2,1994,184,10193,966.8,0,0,0,222.2,355.8,25,198.2,0,1969.6,0,0,6435,0,84.8,39.2,0,0,0,212.4,187,7.2,72.8,0,0,0,0,6,0,0,0,0,12.4,0,0,105.8,0,0,0,0,0,0,0,0,780.4,0,0,0,58.4,0,7.2,0,7.2,0,0,0,0,0,0,0,0,0,0,0,0,0,0,0,0,0,98.4,0,0,0,0,0,0,0,0,0,0,0
2,1995,181.5,21309,2119.1,0,439.12,11.75,98.25,175.88,0,147.88,8.25,2103.6,35,0,1467.8,34.125,3.5,71.25,0,0,0,1.875,0,1.875,400.5,0,7,0,0,10,0,0,0,0,47.625,0,0,164.88,0,0,0,0,0,0,0,0,237.38,0,0,0,400.5,0,0,0,0,0,0,0,0,0,0,0,0,0,0,0,0,5.125,0,0,0,0,65.5,0,0,0,0,0,0,0,0,0,0,0
2,1996,4,30947,4860.7,0,298.33,333.5,25.167,808.17,0,203.5,0,1690.5,0,0,374.5,148.33,5.5,57,0,146,0,31.5,41.667,4,2401.2,0,0,0,0,91,0,0,0,0,64.333,0,0,0,0,0,0,0,0,0,0,0,14.167,0,8.1667,0,2401.2,0,0,0,0,0,0,0,0,0,0,0,0,0,0,0,0,0,0,0,0,0,189.33,0,0,0,0,0,0,0,0,0,0,0
2,1997,70.571,19466,3858.7,0,188.14,37.286,230.57,1941,0,241.57,0,2100.6,0,0,1297,315.57,20.857,286.29,22,0,0,0,6.2857,0,490.57,0,0,0,3.2857,45,0,0,0,0,197.57,0,0,127.14,0,0,0,0,0,0,0,0,264.86,0,25,0,490.57,0,0,0,0,0,0,0,0,0,0,0,0,0,0,0,0,155.86,0,0,0,0,53.714,0,0,0,0,0,0,0,0,0,0,0
2,1998,730,21804,5709.6,0,2795.4,974.43,2003.9,13646,0,1102.9,429.29,2814.4,273.43,0,2377.4,28.429,103.86,92.857,0,0,0,93.571,25.429,0,1495.4,0,101.14,0,0,136.71,0,15.143,3.1429,0,169.71,0,0,71.857,0,0,0,0,0,0,0,0,1653.4,0,43.571,0,1479.1,0,16.286,0,0,0,0,0,0,0,0,0,0,0,0,0,0,1084.1,0,0,0,0,0,0,0,0,0,0,0,0,0,0,0,0
2,1999,476.33,30643,12946,0,52,9.3333,2731.2,0,33.333,2834.8,0,18085,0,0,4959,64.333,27.167,429.67,0,0,0,81.167,167.67,0,238.83,17.333,9.3333,0,0,36.5,0,0,54.333,0,120,0,0,322.5,0,0,0,40.5,0,0,0,0,2450.5,0,27.167,0,238.83,0,0,0,0,0,0,0,0,0,0,0,0,0,0,0,0,2575.7,0,0,0,0,0,0,0,0,0,0,0,0,0,0,0,0
2,2000,765.83,27958,2183.3,0,35.833,27.833,566.17,225.33,20.833,244.33,10.333,5133.7,0,0,322.33,55.667,96,365,0,0,0,0,95.667,0,300.33,0,0,0,0,0,0,0,0,0,50.667,0,0,58.833,0,0,0,0,0,0,0,0,288.33,0,187.33,0,300.33,0,0,0,0,0,0,0,0,0,0,0,0,0,0,0,0,149.5,0,0,0,0,13.5,0,0,0,0,0,0,0,0,0,0,0
2,2001,533.88,19897,11758,0,8518.8,0,22835,7797.4,0,3594.2,0,7878,0,0,39695,856.62,276,1491.5,0,0,0,1.12E+05,43.75,18.875,622.75,135.25,0,0,0,2070.5,0,9.625,59.5,0,753.38,779.75,0,106.62,0,0,0,9.625,8.375,0,0,0,314.75,0,8.375,0,622.75,0,0,0,0,0,0,0,0,0,0,0,0,0,0,0,0,3397.5,0,0,0,0,39,0,0,0,0,0,0,0,0,0,0,0
2,2002,3.1,26894,203.6,0,13.3,0,52.5,2402.2,6.2,52.9,73.9,655.2,3,0,262.6,3,3,24.7,0,0,0,204.8,0.6,0,683.1,0,45.1,0,0,59.9,0,0.3,20,0,115.3,0,0,0.6,0,0,0,0.6,0,0,0,0,0,0,0,0,681.9,0,1.2,0,0,0,0,0,0,0,0,0,0,0,0,0,0,3.4,0,0,0,0,19.6,0,0,0,0,0,0,0,0,0,0,0
2,2003,0,7036.5,287.75,0,0,0,2477,2124.5,0,31,0,564,0,0,2607.2,25.75,0,3.75,0,0,0,15171,0,0,453,0,0,0,0,26.5,0,0,0,0,184,0,0,0,0,0,0,0,0,0,0,0,0,0,0,0,445.5,0,7.5,0,0,0,0,0,0,0,0,0,0,0,0,0,0,23.5,0,0,0,0,7.5,0,0,0,0,0,0,0,0,0,0,0
2,2004,0.6,30158,3164.2,0,34.3,2.6,293.2,191.1,0.6,41.6,15.9,286.9,0,0,543.5,88.1,27.7,3.8,0,0,0,266.3,2,24,312.6,0,6.4,0,0,17,0,3.7,0,0,368.1,0,0,0,0,0,0,0,0,0,0,0,74.6,0,2,0,311.8,0,0.9,0,0,0,0,0,0,0,0,0,0,0,0,0,0,37.1,0,0,0,0,4.5,0,0,0,0,0,0,0,0,0,0,0
2,2005,6.9,13482,2406.1,0,118,36,5.5,570.1,0,6.9,0,781,0,0,1175.6,138.6,65,113.3,0,0,0,99.8,32.7,0.7,226.3,0,6.9,0,0,0,0,1.1,0,0,1385.2,0,0,0,0,0,0,0,0,0,0,0,1.7,0,0,0,221.9,3,1.5,0,0,0,0,0,0,0,0,0,0,0,0,0,0,6.9,0,0,0,0,0,0,0,0,0,0,0,0,0,0,0,0
2,2006,0,13247,274.25,0,13.375,0,10215,3161.6,0,55.875,1.875,972,0,0,2831.2,34.75,1.875,11.375,0,0,0,9933.9,29.75,4.5,1451.9,0,3,0,0,807.25,0,0,0,0,111.38,0,0,6.25,0,0,0,0,0,0,0,0,69.25,0,0,0,1451.9,0,0,0,0,0,0,0,0,0,0,0,0,0,0,0,0,1.875,0,0,0,0,54,0,0,0,0,0,0,0,0,0,0,0
2,2007,246.17,18850,1561.9,0,20.111,0,82.389,1182.3,44.944,6.8889,7.7222,1079.8,4.1667,0,194.72,163.39,7.3889,108.67,0.66667,0,0,34.778,237.67,3.1111,111.78,0,1.3333,0,0,20.556,0,0,0,0,387.17,74,0,2.1111,0,0,0,0,0,0,0,0,134.22,0,6.7222,0,108.94,0,2.8333,0,0,0,0,0,0,0,0,0,0,0,0,0,0,3.1111,0,0,0,0,3.7778,0,0,0,0,0,0,0,0,0,0,0
2,2008,0,13175,87.25,0,0,0,0,0,0,4,0,103,0,0,31.75,0,0,0,0,0,0,0,4,2,16,0,0,0,0,0,0,0,0,0,303.75,0,0,0,0,0,0,0,0,0,0,0,0,0,0,0,0,2,14,0,0,0,0,0,0,0,0,0,0,0,0,0,0,0,0,0,0,0,0,0,0,0,0,0,0,0,0,0,0,0
2,2009,26.067,31535,1999.3,0,25.267,7.6667,39.867,116.27,2,47,0,1240.3,0,0,261.2,63.067,2.8,106.87,0,0,0,5.9333,15,3.0667,357.2,0,24.867,0,0,33.933,0,43.533,0.53333,0,208.27,5.4667,0,0,0,0,0,0,0,0,0,0,39.2,0,0,0,356.67,0,0.53333,0,0,0,0,0,0,0,0,0,0,0,0,0,0,21,0,0,0,0,6.0667,0,0,0,0,0,0,0,0,0,0,0
2,2010,28.111,24903,8037,0,78.667,11,403.89,8062.7,5.7778,17.889,66.667,2160.3,161.56,0,488.11,1299.4,20.444,728.44,0,0,0,24.889,18.778,11.889,1499.6,0,121.89,2.5556,0,87.778,0,0,0,0,132,0,0,24.778,0,0,0,0,9.2222,0,0,0,394.11,0,0,0,1482.6,0,4.2222,0,5.8889,0,0,0,6.7778,0,0,0,0,0,0,0,0,14.444,0,0,0,0,3.4444,0,0,0,0,0,0,0,0,0,0,0
2,2011,7.6,20947,479.87,0,7.5333,0,93.2,354.8,0.86667,22.933,6.4,1308.8,40.667,0,957.87,6.4,23.8,50.467,0,0,0,2956.3,8.6667,6.4,664.13,4.8667,16.133,0,16.133,71.267,0,0,18.933,0,769,225.87,0,12.267,0,0,0,0,0,0,0,0,110.8,0,16.133,0,663,0,0.86667,0.26667,0,0,0,0,0,0,0,0,0,0,0,0,0,17.933,0,0,0,0,5,0,0,0,0,0,0,0,0,0,0,0
2,2012,476.62,22226,7146.8,0,115.25,0,285.25,780.25,0.5,477.75,14,9252.6,0,0,683.5,252,17.125,27.125,0,0,0,21.625,430.62,0,680.5,0,0,0,0,163.62,0,0,0,0,61.125,0,0,2,0,18,0,0,0,0,0,0,47.125,0,21.625,0,680,0,0,0,0.5,0,0,0,0,0,0,0,0,0,0,0,0,455.12,0,0,0,0,8.625,0,0,0,0,0,0,0,0,0,0,0
2,2013,729.86,11881,3716.9,0,360.71,0,46,0,215.29,231.57,0,1957.7,0,26.429,3777.4,39.429,17.143,70.429,0,0,2,925.43,305.43,0,91.857,0,18.286,0,0,6.7143,0,0,0,0,37.429,11.143,0,33.571,0,0,27.714,0,0,6.7143,0,0,0,0,0,0,87.857,0,4,0,0,0,0,0,0,0,0,0,0,0,0,0,0,24.429,0,0,0,0,207,0,0,0,0,0,0,0,0,0,0,0
3,1977,48.75,87903,24918,17.917,17.917,0,17.917,0,0,0.83333,0,12417,0,0,370.08,23.583,48.25,28.667,0,0,0,0,0,62.333,142.83,0,375.58,0,0,0,17.917,24.167,0,0,2.4167,0.83333,0,0,0,4,0,0,0,0,0,0,0,0,0,0,129.83,0,13,0,0,0,0,0,0,0,0,0,0,0,0,0,0,0,0.83333,0,0,0,0,0,0,0,0,0,0,0,0,0,0,0
3,1978,0,16767,1439.8,0,0,0,1.8,0,0,3.2,0,4433.4,0,0,36.2,158.2,10.6,42.6,0,0,0,0,0,0,14,0,86.8,0,1.8,0,0,0,0,0,5.6,0,0,9.2,0,0,0,0,0,0,0,0,0,0,0,0,4,0,10,0,0,0,0,0,0,0,0,0,0,0,0,0,0,0,0,0,0,0,0,0,0,0,0,0,0,0,0,0,0,0
3,1979,1507.8,48074,11608,0,26.667,35.917,104.17,6000.4,0,7962,1056.1,16423,222.92,0,264.33,17016,27.583,795.83,0,1783.2,0,192.75,12,37.75,1374.8,97.25,2904.7,0,0,85.833,35.917,83.75,0,0,0,3.8333,0,0,0,194.58,11.333,0,0,0,0,0,58.833,0,0,0,1374.8,0,0,0,0,0,0,0,0,0,0,0,0,0,0,0,0,69.25,841.83,0,0,0,7014.3,0,0,0,0,0,0,0,0,0,0,0
3,1980,1637.7,31558,4527.2,0,53.111,0,0,283.56,55.778,768,70.222,18526,29.556,0,964.11,2.1111,138.22,179,0,1592.9,0,0,2.1111,43.444,274.44,6.3333,607.78,0,2.1111,21.778,0,59.778,0,0,0,0,0,0,0,883.78,0,0,4.8889,0,0,0,30.778,0,0,0,269.56,0,4.8889,0,0,0,0,0,0,0,0,0,0,0,0,0,0,0,239.67,0,0,0,415.78,0,0,0,0,0,0,0,0,0,0,0
3,1981,1974.7,44112,4822.5,0,0,0,379.7,2173.9,13.1,302.8,329.8,20310,0,4.2,94.8,161.9,121,1002,4.2,138.7,0,0,57.3,9.5,1763.2,175.5,458.6,0,22.3,37.9,0,8.4,0,0,44.2,0,0,0,0,1247.8,33.7,0,5.4,0,0,0,1.9,0,0,0,1737.7,0,25.6,0,0,0,0,0,0,0,0,0,0,0,0,0,0,25.3,51.7,0,0,0,151.6,0,0,0,0,0,0,0,0,0,0,0
3,1982,2229.6,2043.1,5113.4,0,8,6.4545,210.91,4575.4,21.909,2419.8,35.818,9988.7,105.73,0,3242.9,389.64,27.818,322.36,0,0,0,27.455,47,59.182,111,283.18,0,0,24.182,96.364,0,13.364,0,0,0,0,0,578.73,0,261.73,0,0,0,0,0,0,479.55,0,0,0,109.64,0,1.2727,0,0,0,0,0,0,0,0,0,0,0,0,0,0,552.73,50.909,0,0,0,181.91,0,0,0,0,0,0,0,0,0,0,0
3,1983,972.07,15984,5195.9,0,532.27,52.867,197.33,2890.9,0,179.87,5282.5,1519.2,685.2,0,524.93,889.73,17.533,1.4667,10.867,0,0,192.6,40.267,95.867,354.8,60.8,215.4,0,2.4,34.667,0,0.73333,0,0,21.333,0,0,0,0,0,20.2,0,0,0,0,0,32.467,0,0,0,354.8,0,0,0,0,0,0,0,0,0,0,0,0,0,0,0,0,0,82.467,0,0,0,95.533,0,0,0,0,0,0,0,0,0,0,0
3,1984,19.2,50848,9384.6,0,74.6,39.8,194.7,2307.6,10,9.9,115.5,3975.6,0,0,271.6,1449.8,0,4.4,15.7,79.4,0,263.6,0,41.6,785.3,14.2,36.7,0,0,2,0,0,0,15.7,0,0,0,0,0,7.9,0,0,0,0,0,0,5.4,0,0,0,775.3,0,10,0,0,0,0,0,0,0,0,0,0,0,0,0,0,0,1,0,0,0,0,0,0,0,0,0,0,0,0,0,0,0
3,1985,0,12196,7001.5,0,9,0,366.25,1068.5,7,255.75,7,445,0,0,615.25,3517.5,0,0,0,0,0,6242.2,53.25,0,3946.8,0,0,0,0,50.5,0,0,0,0,213,0,0,0,0,0,0,0,0,0,0,0,0,0,0,0,3926,0,20.75,0,0,0,0,0,0,0,0,0,0,0,0,0,0,9,237.75,0,0,0,0,0,0,0,0,0,0,0,0,0,0,0
3,1986,1465.9,30373,5944,0,135.82,73.882,806.59,23959,44.765,10.176,971.24,582.65,52.118,0,78.235,3311.7,952.82,1,0,0,0,578.94,70.118,12.412,2200.1,7.7059,108.47,0,0,85.412,0,14.588,0,0,9.1765,0,0,146.47,0,5.8824,0,71.588,0,0,0,0,0,0,68.882,0,2196.4,0,3.6471,0,0,0,0,0,0,0,0,0,0,0,0,0,0,2.1176,0,0,0,0,8.0588,0,0,0,0,0,0,0,0,0,0,0
3,1987,52.769,1.12E+05,9116.4,0,714.62,135,18818,44562,0,490.38,304.38,3216.1,2365.8,0,709.23,39356,57.462,20.846,0,0,0,506.85,0,20.846,10880,470.77,561.62,0,7,303.54,429.46,45.538,0,0,247.92,0,0,65.077,0,0,20.846,0,154.08,0,0,0,20.846,0,258.92,0,10880,0,0,0,0,0,0,0,0,0,0,0,0,0,0,0,0,416.69,0,0,0,0,73.692,0,0,0,0,0,0,0,0,0,0,0
3,1988,4398.9,40531,6519.8,0,49.111,506.67,6713.3,67398,552.78,143.11,104.56,106.78,23,0,30.111,9611.1,628,372.11,832.11,0,0,10.333,46.111,168.22,10434,92.111,0,0,2073.4,197.11,0,0.66667,0,0,101.78,23,0,23,0,0,3.3333,2.3333,0,0,0,0,0,0,3,0,10431,0,2.2222,0,0,0,0,0,0,0,0,0,0,0,0,0,0,75.111,0,0,0,0,0.66667,0,0,0,0,0,0,0,0,0,0,0
3,1989,NA,NA,NA,NA,NA,NA,NA,NA,NA,NA,NA,NA,NA,NA,NA,NA,NA,NA,NA,NA,NA,NA,NA,NA,NA,NA,NA,NA,NA,NA,NA,NA,NA,NA,NA,NA,NA,NA,NA,NA,NA,NA,NA,NA,NA,NA,NA,NA,NA,NA,NA,NA,NA,NA,NA,NA,NA,NA,NA,NA,NA,NA,NA,NA,NA,NA,NA,NA,NA,NA,NA,NA,NA,NA,NA,NA,NA,NA,NA,NA,NA,NA,NA,NA
3,1990,NA,NA,NA,NA,NA,NA,NA,NA,NA,NA,NA,NA,NA,NA,NA,NA,NA,NA,NA,NA,NA,NA,NA,NA,NA,NA,NA,NA,NA,NA,NA,NA,NA,NA,NA,NA,NA,NA,NA,NA,NA,NA,NA,NA,NA,NA,NA,NA,NA,NA,NA,NA,NA,NA,NA,NA,NA,NA,NA,NA,NA,NA,NA,NA,NA,NA,NA,NA,NA,NA,NA,NA,NA,NA,NA,NA,NA,NA,NA,NA,NA,NA,NA,NA
3,1991,NA,NA,NA,NA,NA,NA,NA,NA,NA,NA,NA,NA,NA,NA,NA,NA,NA,NA,NA,NA,NA,NA,NA,NA,NA,NA,NA,NA,NA,NA,NA,NA,NA,NA,NA,NA,NA,NA,NA,NA,NA,NA,NA,NA,NA,NA,NA,NA,NA,NA,NA,NA,NA,NA,NA,NA,NA,NA,NA,NA,NA,NA,NA,NA,NA,NA,NA,NA,NA,NA,NA,NA,NA,NA,NA,NA,NA,NA,NA,NA,NA,NA,NA,NA
3,1992,1227.3,45525,14018,0,426.67,90,455.33,7019.1,6.2222,4439.6,134.33,12773,405,0,2692.3,4643,19.667,47.222,0,0,0,0,19.444,6.7778,1933.1,54.111,287.11,0,0,89.667,0,95.778,73.111,0,0,0,0,1.6667,0,0,0,0,19.667,0,0,0,112.44,0,155.22,0,1933.1,0,0,0,0,0,0,0,0,0,0,0,0,0,0,0,0,782.44,0,0,0,0,3657.1,0,0,0,0,0,0,0,0,0,0,0
3,1993,292.17,38358,6258.5,0,6.3333,53.833,1075.7,24092,0,261.33,0,2860.3,33,0,2449.2,9668.3,61.167,6.3333,0,0,0,197.5,7.1667,60.667,1179.7,0,18.167,0,0,107.17,0,23.833,0,0,23.833,0,0,7.1667,0,0,0,47.5,0,0,0,0,1072.5,0,0,0,1166.2,13.5,0,0,0,0,0,0,0,0,0,0,0,0,0,0,0,74.167,0,0,0,0,187.17,0,0,0,0,0,0,0,0,0,0,0
3,1994,591.3,33865,6420.7,0,163.7,248.8,5361.9,50032,13.8,330.3,650.8,7726.6,3759.7,0,2502.4,15458,108.6,60.6,15.9,0,0,381.5,43.9,129.5,3923.7,8.4,27.3,0,1.8,140.5,176.4,334.3,7.1,0,0,0,0,3.7,0,0,0,38.3,0,0,0,0,73.2,0,13.3,0,3911.7,0,11.9,0,0,0,0,0,0,0,0,0,0,0,0,0,0,1,0,0,0,0,226.3,0,0,0,0,0,0,0,0,0,0,0
3,1995,568.75,26959,13715,0,4776.7,551.08,1487.8,10657,5.3333,419.75,22.917,5215.8,3693.8,0,1091.9,3620.8,48.667,124.08,43.583,980.83,0,265.67,0,298.58,3815.1,26.833,443.58,0,0,106.75,255.5,16.583,0,0,0,0,8.6667,0,8.6667,0,59.667,0,0,0,0,0,0,0,131.92,0,3815.1,0,0,0,0,0,0,0,0,0,0,0,0,0,0,0,0,105.58,0,0,0,0,270.17,0,0,0,0,0,0,0,0,0,0,0
3,1996,137.22,20194,17553,0,680.22,366.44,8293.3,26822,0,845.22,207.33,4502.6,5977.8,0,809.67,2942.3,0,9.7778,0,0,0,0,0,74,6605.9,0,4124.4,0,0,15.778,78.222,20.778,0,0,0,0,0,0,0,0,13.556,197.33,44.667,0,0,0,94.444,0,0,0,6605.9,0,0,0,0,0,0,0,0,0,0,0,0,0,0,0,0,22.778,0,0,0,0,822.44,0,0,0,0,0,0,0,0,0,0,0
3,1997,2115,58075,10519,0,995,94.667,3079.3,24840,2708.2,2693.5,11.5,14002,1046,0,5917.8,5723.7,0,654.17,0,0,0,0,0,79.667,5549.2,0,2275,0,0,137,39.833,38.167,0,0,0,0,0,132,0,0,0,0,0,0,0,0,980.5,0,39.833,0,5537.8,11.5,0,0,0,0,0,0,0,0,0,0,0,0,0,0,0,2625.5,0,0,0,0,0,0,0,0,0,0,0,0,0,0,0,0
3,1998,1481.4,29185,23493,0,6826.6,1575,25199,15618,0,8529.8,815.2,11208,11918,0,5364.8,2567.4,145.8,311.6,0,0,0,67.8,64.2,0,4370.4,0,1375.8,0,0,734.8,152.8,0,0,0,67.8,128.6,0,0,0,0,0,0,0,0,0,0,943.4,0,0,0,4326.6,0,43.8,0,0,0,0,0,0,0,0,0,0,0,0,0,0,8020.2,0,0,0,0,509.6,0,0,0,0,0,0,0,0,0,0,0
3,1999,4686.8,2.29E+05,65239,0,572.25,74,17690,539,0,28877,666.75,38415,259.25,0,14187,413.25,267.5,585.5,112,0,0,100.5,212.5,0,6726.2,413.25,1605.5,0,0,401.5,0,0,112,0,0,0,0,323.75,0,0,0,0,0,0,0,0,200.75,0,0,0,6726.2,0,0,0,0,0,0,0,0,0,0,0,0,0,0,0,0,28877,0,0,0,0,0,0,0,0,0,0,0,0,0,0,0,0
3,2000,11557,97241,19050,0,12326,935.29,9634.1,31651,0,1708.1,406.29,7010.9,4560.6,0,2497.4,4056.3,137.86,341.71,0,0,0,150.29,37.571,428.57,18650,0,4687.4,0,0,1763.6,275.14,209.29,141,0,0,0,0,0,0,0,0,65.857,97.571,0,0,0,103.57,0,75.286,0,18650,0,0,0,0,0,0,0,0,0,0,0,0,0,0,0,0,43.714,0,0,0,0,1617,0,0,0,0,0,0,0,0,0,0,0
3,2001,2400.3,1.76E+05,49235,0,1482.2,0,49148,45331,0,12452,0,88691,0,0,24010,8958.8,0,516.33,0,0,0,7710.8,0,378.33,11194,0,0,0,0,1016.7,0,0,490.67,0,0,0,0,0,0,0,0,378.33,0,0,0,0,239.83,0,0,0,11194,0,0,0,0,0,0,0,0,0,0,0,0,0,0,0,0,10646,0,0,0,0,1806.8,0,0,0,0,0,0,0,0,0,0,0
3,2002,8.875,88531,4808.1,0,6620.6,830.75,760,20254,0,210.25,7653.4,789.38,19013,0,296.75,595.88,93,0,0,0,0,0,2.375,817.5,4923.8,0,17576,0,0,1233.2,3769.8,73.125,15.625,0,0,0,0,0,0,0,0,7.25,14.5,0,0,0,0,0,186.12,0,4923.8,0,0,0,0,0,0,0,0,0,0,0,0,0,0,0,0,24.125,0,0,0,0,0,0,0,0,0,0,0,0,0,0,0,0
3,2003,0,61224,5978,0,0,0,0,808.33,0,0,0,14746,0,0,1138.7,4259.3,0,132.33,0,0,0,11495,0,0,2344.3,0,0,0,0,0,0,0,0,0,0,0,0,0,0,0,0,0,0,0,0,0,0,0,0,0,2187.7,157,0,0,0,0,0,0,0,0,0,0,0,0,0,0,0,0,0,0,0,0,0,0,0,0,0,0,0,0,0,0,0,0
3,2004,0,40738,3586.8,0,131.25,80.75,1395.2,303,0,37,0,406.75,3261.5,0,906.75,944.25,13.5,0,0,0,0,8367,0,0,1227,0,2500,0,0,0,148,0,0,0,13.5,0,0,0,0,0,0,74,0,0,0,0,0,0,0,0,1213.5,0,13.5,0,0,0,0,0,0,0,0,0,0,0,0,0,0,0,0,0,0,0,37,0,0,0,0,0,0,0,0,0,0,0
3,2005,227.56,8087.2,964.89,1.8889,849.78,38.111,41.556,29.556,0,1.6667,0,211.22,84.333,0,917.44,26053,17.889,0,1.6667,0,0,251.11,0,553.11,183.78,93.444,1108.8,0,31.111,99.111,0,1.2222,0,0,85.667,0,0,0,0,0,0,0,59,0,0,0,0,0,0,0,183.22,0.55556,0,0,0,0,0,0,0,0,0,0,0,0,0,0,0,0,0,0,0,0,0,0,0,0,0,0,0,0,0,0,0,0
3,2006,0,9870.6,1753.8,0,7370.4,263.4,144.8,1357.6,2.2,1,3822.2,141,1488.6,0,385.6,6578.8,65.8,0,0,0,0,23991,0,843.2,206.6,0,9,0,0,0,792.6,33,0,0,82.2,0,0,0,0,0,0,0,0,0,0,0,0,0,164.6,0,174.2,4.2,8.4,20,0,0,0,0,0,0,0,0,0,0,0,0,0,1,0,0,0,0,0,0,0,0,0,0,0,0,0,0,0,0
3,2007,51,53697,11658,0,794.5,218.67,787.17,12393,0,61.167,26.5,4428.7,6549.3,0,2473.5,4888.2,0,122.17,0,0,0,10883,26.5,0,948.5,0,5407.3,0,0,96.5,489,101.33,0,0,0,0,0,0,0,0,0,0,0,0,0,0,35.333,0,0,0,948.5,0,0,0,0,0,0,0,0,0,0,0,0,0,0,0,0,61.167,0,0,0,0,0,0,0,0,0,0,0,0,0,0,0,0
3,2008,56,7281.5,1161.2,0,31,0,0,33,0,0,21,628.75,0,0,34.25,4954.8,3.25,38,0,0,0,0,0,64,149,0,0,0,0,0,0,0,39.5,0,77,0,0,0,0,0,0,0,0,0,0,0,0,0,0,0,62.75,83.75,2.25,0,0,0,0,0,0,0,0,0,0,0,0,0,0,0,0,0,0,0,0,0,0,0,0,0,0,0,0,0,0,0
3,2009,485.8,59607,13435,0,9451,298.8,1097.3,8788.3,0,112.5,10.6,1146.5,11820,0,711.2,782.2,3.2,118.3,0,0,0,23.4,4.3,1.6,1868.5,0,203.8,0,40,182.2,1606.8,0,405.2,0,16.5,7.9,0,0,0,0,29,0,0,0,0,0,4.8,0,0,0,1862.5,0,6,0,0,0,0,0,0,0,0,0,0,0,0,0,0,16.6,0,0,0,0,13.7,0,0,0,0,0,0,0,0,0,0,0
3,2010,381.5,19761,14930,0,766.69,75.062,0,366.25,10.062,56,20.562,7556.7,1622.6,0,1357.4,855.31,36,10.438,1.6875,0,0,2365.4,64.375,0,573.31,0,8234.2,0,0,97.438,741,109.06,3.6875,0,45.562,0,0,0,0,0,4.625,0,2.9375,0,0,0,45.562,0,0,0,573,0,0.3125,0,0,0,0,0,0,0,0,0,0,0,0,0,0,20.562,0,0,0,0,0.875,0,0,0,0,0,0,0,0,0,0,0
3,2011,439.8,27256,42864,0,6760,1768.8,24.05,4244.4,44.9,95.1,2822.9,2529.3,28054,0,183.9,5600.9,123.05,0.45,6.3,3798.2,0,4.65,130.9,296.6,5148.7,0,11567,0,1.9,2.35,5736.6,171.05,0.45,0,6.8,0,0,0,0,0,8.15,0,9.45,0,0,0,32.65,0,36.5,0,5148.1,0.4,0.2,0,0,0,0,0,0,0,0,0,0,0,0,0,0,45.95,0,0,0,0,6.95,0,0,0,0,0,0,0,0,0,0,0
3,2012,14440,27223,11856,0,0,0,72.25,1983.2,778.5,364.75,303.25,6755.8,32.75,0,1846.2,278.25,0,0,0,0,0,0,870,32.75,2272.2,0,109,0,0,0,0,0,32.75,0,0,0,0,0,0,0,0,0,32.75,0,0,0,0,0,0,0,2272.2,0,0,0,0,0,0,0,0,0,0,0,0,0,0,0,0,295.75,0,0,0,0,0,0,0,0,0,0,0,0,0,0,0,0
3,2013,5390,33733,20521,0,723.25,182,254,7640.8,8.25,409.25,762.25,6850.2,2976.8,0,4363.8,22734,457.75,338.75,0,0,8.25,0,378.5,223,1872.2,0,0,0,0,82,1270.5,0,205.5,0,0,0,0,164.25,0,0,20.5,0,0,0,0,0,379,0,28.75,0,1872.2,0,0,0,0,0,0,0,0,0,0,0,0,0,0,0,0,45.25,0,0,0,0,0,0,0,0,0,0,0,0,0,0,0,0
4,1977,NA,NA,NA,NA,NA,NA,NA,NA,NA,NA,NA,NA,NA,NA,NA,NA,NA,NA,NA,NA,NA,NA,NA,NA,NA,NA,NA,NA,NA,NA,NA,NA,NA,NA,NA,NA,NA,NA,NA,NA,NA,NA,NA,NA,NA,NA,NA,NA,NA,NA,NA,NA,NA,NA,NA,NA,NA,NA,NA,NA,NA,NA,NA,NA,NA,NA,NA,NA,NA,NA,NA,NA,NA,NA,NA,NA,NA,NA,NA,NA,NA,NA,NA,NA
4,1978,0,45860,31468,0,0,0,0,0,31,1212,0,489.5,0,0,0,532,0,1367,0,0,0,0,0,0,0,0,501,0,0,186.5,0,0,0,0,0,0,0,0,0,0,0,0,0,0,0,0,0,0,0,0,0,0,0,0,0,0,0,0,0,0,0,0,0,0,0,0,0,1212,0,0,0,0,0,0,0,0,0,0,0,0,0,0,0,0
4,1979,336.5,33161,10800,0,67.5,0,0,3261.5,0,170,110,4608,0,0,390,3612.5,67.5,0,67.5,0,0,0,0,177,1297,0,404,0,0,0,0,0,0,0,0,0,0,0,0,269.5,0,0,0,0,0,0,42.5,0,0,0,1297,0,0,0,0,0,0,0,0,0,0,0,0,0,0,0,0,0,0,0,0,0,170,0,0,0,0,0,0,0,0,0,0,0
4,1980,613.5,20684,5276,0,16.25,12.75,0,17,0,59,141,1934.2,0,0,3.5,25.5,71,0,3.25,166.5,0,0,17,55.75,0,6.75,1562.8,0,0,6.5,0,12.75,0,0,79,1.75,0,0,0,88.75,14.75,0,0,3.5,0,0,23.25,0,12.75,0,0,0,0,0,0,0,0,0,0,0,0,0,0,0,0,0,0,0,3.5,0,0,0,0,0,0,0,0,0,0,0,0,0,0,0
4,1981,263.4,8093.4,2331,0,16.4,0,110.8,1798.4,0,27.8,14.6,1365.8,0,0,33.2,1285.8,23,9,0,73.8,0,10.6,6,23,71,0.4,203.4,0,0,23.4,0,24.6,0,0,10.6,0,0,0,0,73.2,11,0,0.8,0,0,0,23.8,0,0,0,70.2,0,0.8,0,0,0,0,0,0,0,0,0,0,0,0,0,0,0,0,0,0,0,24.6,0,0,0,0,0,0,0,0,0,0,0
4,1982,547.25,15704,13741,0,80.25,0,0,4938,14.375,396.12,325.38,7163.2,0,0,624.62,8546,13.5,134.62,0,0,0,60.875,7.625,356.75,606,0,0,0,0,1098,0,4.875,0,0,4190.1,0,0,1066,0,0,0,0,0,0,0,0,159.62,0,0,0,606,0,0,0,0,0,0,0,0,0,0,0,0,0,0,0,0,149.5,0,0,0,0,177.5,0,0,0,0,0,0,0,0,0,0,0
4,1983,13.8,7589,4641.8,6.4,114.2,26.6,0,180.2,0,14.4,566.4,168.6,89.8,0,9.4,1972.6,0,5.2,24.6,0,0,0,14.8,99.4,60,0,0,0,15.4,18.8,34.4,20.2,0,0,257.4,0,0,0,5.2,0,8.6,0,0,0,0,0,0,0,0,0,60,0,0,0,0,0,0,0,0,0,0,0,0,0,0,0,0,0,5,0,0,0,4.2,0,0,0,0,0,0,0,0,0,0,0
4,1984,153.75,17040,7462.2,0,6.75,0,0,15116,0,40.25,55.75,349.75,0,0,176,2041,0,13.5,165,0,0,230.5,0,327.5,1186.5,33088,6.75,0,322.75,129.5,0,0,0,0,0,0,0,11.25,0,0,6.75,0,0,0,0,0,0,0,0,0,1186.5,0,0,0,0,0,0,0,0,0,0,0,0,0,0,0,0,0,0,0,0,0,0,0,0,0,0,0,0,0,0,0,0,0
4,1985,7.5,310.5,577,0,0,0,0,0,0,11.5,96.5,44,0,0,0,257,0,0,0,0,0,0,1.5,68.5,3,0,0,0,0,1.5,0,0,0,0,6,0,0,0,0,0,0,0,0,0,0,0,0,0,0,0,3,0,0,0,0,0,0,0,0,0,0,0,0,0,0,0,0,0,0,0,0,0,10,0,0,0,0,0,0,0,0,0,0,0
4,1986,48.5,1135.8,209.75,0,0,0,0,0,1.75,66.75,47,108,0,0,1.75,231.75,3.25,1.75,0,0,0,0,9.5,7.75,10.5,0,6.75,0,0,13.25,0,0,0,0,171.25,0,0,0,0,5.25,18.25,0,0,0,0,0,0,0,0,0,3.25,0,1,0,0,0,0,0,0,0,0,0,0,0,0,6.25,0,1.25,2,0,0,0,59.75,0,0,0,0,0,0,0,0,0,0,0
4,1987,0,58317,15897,0,534.33,35.5,145.5,28319,0,170.33,836.33,1066,586.67,0,1087,2112.5,76,5.3333,127.67,0,0,1456.5,0,204.33,11390,0,626,0,0,277.5,44.667,0,0,0,1555.5,0,0,0,0,0,0,177.5,8.8333,0,0,0,21.333,0,310.33,0,11390,0,0,0,0,0,0,0,0,0,0,0,0,0,0,0,0,126,0,0,0,0,35.5,0,0,0,0,0,0,0,0,0,0,0
4,1988,0,4384.7,114.33,0,0,0,0.33333,29.333,0,110.33,17,133,0,0,4.6667,246,11,8.6667,4.3333,0,0,8.3333,0.33333,2.3333,10.333,7.3333,0,0,0,7,0,0,0,0,190,0,0,0.33333,0,0,0.33333,0,0,0,0,0,0,0,0,0,8.6667,1,0.33333,0,0,0,0,0,0,0,0,0,0,0,0,0,0,8.3333,0,0,0,0,0.33333,0,0,0,0,0,0,0,0,0,0,0
4,1989,NA,NA,NA,NA,NA,NA,NA,NA,NA,NA,NA,NA,NA,NA,NA,NA,NA,NA,NA,NA,NA,NA,NA,NA,NA,NA,NA,NA,NA,NA,NA,NA,NA,NA,NA,NA,NA,NA,NA,NA,NA,NA,NA,NA,NA,NA,NA,NA,NA,NA,NA,NA,NA,NA,NA,NA,NA,NA,NA,NA,NA,NA,NA,NA,NA,NA,NA,NA,NA,NA,NA,NA,NA,NA,NA,NA,NA,NA,NA,NA,NA,NA,NA,NA
4,1990,NA,NA,NA,NA,NA,NA,NA,NA,NA,NA,NA,NA,NA,NA,NA,NA,NA,NA,NA,NA,NA,NA,NA,NA,NA,NA,NA,NA,NA,NA,NA,NA,NA,NA,NA,NA,NA,NA,NA,NA,NA,NA,NA,NA,NA,NA,NA,NA,NA,NA,NA,NA,NA,NA,NA,NA,NA,NA,NA,NA,NA,NA,NA,NA,NA,NA,NA,NA,NA,NA,NA,NA,NA,NA,NA,NA,NA,NA,NA,NA,NA,NA,NA,NA
4,1991,NA,NA,NA,NA,NA,NA,NA,NA,NA,NA,NA,NA,NA,NA,NA,NA,NA,NA,NA,NA,NA,NA,NA,NA,NA,NA,NA,NA,NA,NA,NA,NA,NA,NA,NA,NA,NA,NA,NA,NA,NA,NA,NA,NA,NA,NA,NA,NA,NA,NA,NA,NA,NA,NA,NA,NA,NA,NA,NA,NA,NA,NA,NA,NA,NA,NA,NA,NA,NA,NA,NA,NA,NA,NA,NA,NA,NA,NA,NA,NA,NA,NA,NA,NA
4,1992,171,7663.5,7290,0,39.5,276,1,1256.5,0,4.5,14,909,0,2,212.5,1106.5,7.5,158,0,0,0,0,1,6.5,596.5,0,197.5,0,0,39.5,0,0,0,0,123,0,0,0,0,0,0,0,0,0,0,0,119,0,39.5,0,596.5,0,0,0,0,0,0,0,0,0,0,0,0,0,0,0,0,3,0,0,0,0,0,0,0,0,0,0,0,0,0,0,0,0
4,1993,13.5,810,2888.5,0,0,19.5,0,101,6.5,13.5,99,33,0,0,1051.5,6131.5,27,6.5,0,0,0,33.5,0,6.5,13,13.5,114.5,0,0,0,0,0,0,0,0,0,0,0,0,0,0,38.5,0,0,0,0,6.5,0,0,0,13,0,0,0,0,0,0,0,0,0,0,0,0,0,0,0,0,0,0,0,0,0,0,0,0,0,0,0,0,0,0,0,0,0
4,1994,116,2428.7,4008,0,21.333,17,8.3333,8.3333,0,54.333,4,746.67,0,0,37.667,613.67,30.333,389,0.33333,0,0,8.3333,0.33333,25.667,121,0.33333,9.3333,0,0.66667,10,0,25.667,0,0,0.33333,0,0,0.33333,0,0,0,0,0,0,0,0,101.33,0,0,0,121,0,0,0.33333,0,0,0,0,0,0,0,0,0,0,0,0,0,4,0,0,0,0,12.333,0,0,0,0,0,0,0,0,0,0,0
4,1995,133.33,5734.3,3797.3,0,107.67,33.5,0,2586.2,0,73,22.667,5080.2,43.833,0,1401.8,1660,5.3333,6.8333,2.8333,0,0,23.667,23.667,41.333,481.67,0,29,0,0,37.5,0,0,0,0,3.3333,2,0,0,0,0,0.83333,47.333,8.3333,0,0,0,7.1667,0,2,0,481.67,0,0,0,0,0,0,0,0,0,0,0,0,0,0,0,0,12,0,0,0,0,54,0,0,0,0,0,0,0,0,0,0,0
4,1996,59.2,14852,10852,0,2446.2,941.4,29.6,5045.6,0,88.8,83.4,1915.4,16.2,0,442.4,365.2,22.8,85.8,0,0,0,59.2,0,22.2,2107.8,0,168.6,0,0,118.4,0,57.2,0,0,63.4,0,0,0,0,0,0,0,0,0,0,0,734.4,0,38.8,0,2107.8,0,0,0,0,0,0,0,0,0,0,0,0,0,0,0,0,0,0,0,0,0,88.8,0,0,0,0,0,0,0,0,0,0,0
4,1997,250.17,23236,24950,0,1240.8,609.5,46.833,15408,0,142.5,13.5,1299.3,0,0,404,1346.2,82,147.17,0,0,0,102.67,0,185.33,1153.5,0,83.167,0,0,49.333,0,0,9.3333,0,22,0,0,71,0,0,0,0,0,0,0,0,112.5,0,48.667,0,1140.7,12.833,0,0,0,0,0,0,0,0,0,0,0,0,0,0,0,117.83,0,0,0,0,0.66667,0,0,0,0,0,0,0,0,0,0,0
4,1998,112.5,16940,18722,0,3420,475.5,0,14383,0,0,0,1412,3591.5,0,419,817,264,116.5,0,0,0,0,0,898,1077.5,0,236,0,0,0,0,0,0,0,415.5,0,0,28,0,0,0,0,28,0,0,0,0,0,28,0,1077.5,0,0,0,0,0,0,0,0,0,0,0,0,0,0,0,0,0,0,0,0,0,0,0,0,0,0,0,0,0,0,0,0,0
4,1999,15.5,41802,53094,0,158,158,316.5,2056.5,0,8,791,6176.5,1898.5,0,480,799,158,791,0,0,0,0,0,0,2847.5,0,791,0,0,316.5,0,0,0,0,0,0,0,15.5,0,0,0,0,0,0,0,0,158,0,949,0,2847.5,0,0,0,0,0,0,0,0,0,0,0,0,0,0,0,0,0,0,0,0,0,0,0,0,0,0,0,0,0,0,0,0,0
4,2000,4735.7,11282,7441,0,600,145.57,2352.7,35464,35.429,223.14,322.57,797,1000,0,2071.9,11525,8.2857,12497,0,0,0,42.143,0,1241.7,4101.4,0,2505.6,0,0,20.571,391.57,159.86,0,0,0,0,0,0.71429,0,0,0,0,118.86,0,0,0,241.43,0,489.57,0,4100.9,0,0.71429,0,0,0,0,0,0,0,0,0,0,0,0,0,0,25.571,0,0,0,0,85.143,0,0,0,0,0,0,0,0,0,0,0
4,2001,640.2,18659,27799,0,4213.8,682,502.4,21080,0,3445.2,39.2,11728,39.2,0,14426,16204,452.2,873.4,0,0,0,6572,163.2,150.6,674.8,0,0,0,0,856.4,0,70,0,0,887.8,0,0,84.2,0,0,0,0,39.2,0,0,0,156.8,0,84.2,0,674.8,0,0,0,0,0,0,0,0,0,0,0,0,0,0,0,0,3192,0,0,0,0,168.8,0,0,0,0,0,0,0,0,0,0,0
4,2002,8.1667,1678.5,568,0,4,5.8333,0,21.667,5.5,55.5,58.667,23.833,0,0,53.833,4547.2,14.333,0,0,0,0,0,1,22.167,61,0,0,0,0,0,0,1.6667,0,0,42.167,0,0,1,0,0,0,3.3333,0.5,0,0,0,0,0,0,0,50.5,8.5,2.1667,0,0,0,0,0,0,0,0,0,0,0,0,0,0,0,0,0,0,0,1.1667,0,0,0,0,0,0,0,0,0,0,0
4,2003,0,11508,577,0,0,0,12623,1863.7,30,194.33,0,52.667,3.6667,0,4675.7,2559.3,35,0,0,0,0,95937,11.333,10.667,0,0,0,0,0,15,0,0,0,0,7.3333,0,0,0,0,0,3.6667,0,0,0,0,0,3.6667,0,0,0,0,0,0,0,0,0,0,0,0,0,0,0,0,0,0,0,0,0,0,0,0,0,0,0,0,0,0,0,0,0,0,0,0,0
4,2004,0,13382,11025,0,676.67,22,0,542,0,23.667,43.667,189,106.33,0,398.33,772,261.33,0,0,0,0,0,0,0,298.33,0,899.67,0,0,0,0,22,0,0,306.67,0,0,0,0,0,0,0,22,0,0,0,3,0,41.333,0,286.67,12,0,0,0,0,0,0,0,0,0,0,0,0,0,0,0,23.667,0,0,0,0,0,0,0,0,0,0,0,0,0,0,0,0
4,2005,0,2564.5,2319.7,7,272.33,12,15.333,33.833,0,0.16667,20.667,178.83,0,0,67.5,54,75.833,13,0,0,0,20.833,1.5,6.1667,28.167,2.6667,52.167,0,0,2.6667,0,3.5,0,0,274.83,0,0,0,0,0,0,0,0,0,0,0,8.1667,0,8.8333,0,19.5,6.1667,2.5,0,0,0,0,0,0,0,0,0,0,0,0,0,0,0,0,0,0,0,0,0,0,0,0,0,0,0,0,0,0,0
4,2006,186.92,0,0,0,0,0,0,0,0,0,0,0,0,0,0,0,0,0,0,0,0,0,0,0,0,0,0,0,0,0,0,0,0,0,0,0,0,0,0,0,0,0,0,0,0,0,0,0,0,0,0,0,0,0,0,0,0,0,0,0,0,0,0,0,0,0,0,0,0,0,0,0,0,0,0,0,0,0,0,0,0,0,0,0
4,2007,363.25,4835.5,139.75,0,1.75,0,0,181.75,82.5,4.5,3.75,902.5,0,0,297,35.25,7.5,0,0,0,0,0,332.75,648.25,17.75,0,0,0,0,3.5,0,0,0,0,50.25,0,0,3.5,0,0,0,0,0,0,0,0,163.5,0,2.25,0,11.75,0,6,0,0,0,0,0,0,0,0,0,0,0,0,0,0,4.5,0,0,0,0,0,0,0,0,0,0,0,0,0,0,0,0
4,2008,10,3517.7,264.33,0,0,0,0,5.3333,0,16.667,0,173.67,0,0,54.333,5.3333,0,41.333,0,0,0,2.6667,0,3.6667,17,1634.7,0,0,0,10,0,3.6667,0,0,75.333,0,0,0,0,0,0,0,0,0,0,0,0,0,0,0,13.667,0,3.3333,0,0,0,0,0,0,0,0,0,0,0,0,0,0,3.3333,0,0,0,0,0,0,0,0,0,0,0,0,0,0,0,0
4,2009,23.4,29031,8357.6,0,0,59.8,0,978.4,4,34.2,0,1910.2,0,0,93.2,367,0,0,0,0,0,0,7.8,22.6,452.2,0,14.8,0,0,0,0,32.6,0,0,232.6,0,0,0,0,0,0,0,0,0,0,0,10.6,0,0,0,452.2,0,0,0,0,0,0,0,0,0,0,0,0,0,0,0,0,19.4,0,0,0,0,14.8,0,0,0,0,0,0,0,0,0,0,0
4,2010,79.333,31640,31159,0,55.333,27.667,400.67,26337,0,186.67,0,4274.3,2729.3,0,603,4714.3,0,0,0,0,0,0,0,159,3366.7,0,1419.3,0,0,79.333,79.333,0,0,0,138.33,0,0,0,0,0,0,0,27.667,0,0,0,0,0,0,0,3366.7,0,0,0,0,0,0,0,0,0,0,0,0,0,0,0,0,27.667,0,0,0,0,0,0,0,0,0,0,0,0,0,0,0,0
4,2011,102,3249,4116.7,0,313,26,0,1123.3,1.6667,38.667,80,820.67,26,0,93,6913.3,6.6667,0,0,0,0,0,19.667,55.333,730.33,0,261,0,0,1.3333,26,52.333,0,0,6.6667,0,0,0,0,0,0,0,0,0,0,0,22,0,0,0,730.33,0,0,0,0,0,0,0,0,0,0,0,0,0,0,0,0,38.667,0,0,0,0,0,0,0,0,0,0,0,0,0,0,0,0
4,2012,66.631,0,0,0,0,0,0,0,0,0,0,0,0,0,0,0,0,0,0,0,0,0,0,0,0,0,0,0,0,0,0,0,0,0,0,0,0,0,0,0,0,0,0,0,0,0,0,0,0,0,0,0,0,0,0,0,0,0,0,0,0,0,0,0,0,0,0,0,0,0,0,0,0,0,0,0,0,0,0,0,0,0,0,0
4,2013,1962.6,0,0,0,0,0,0,0,0,0,0,0,0,0,0,0,0,0,0,0,0,0,0,0,0,0,0,0,0,0,0,0,0,0,0,0,0,0,0,0,0,0,0,0,0,0,0,0,0,0,0,0,0,0,0,0,0,0,0,0,0,0,0,0,0,0,0,0,0,0,0,0,0,0,0,0,0,0,0,0,0,0,0,0
5,1977,86.27,67569,29429,0,7.5652,397.13,127.03,0.41739,27.461,4.9565,5.7913,1748.8,0,0.052174,509.08,1137.3,2130.3,482.17,134.23,0.06087,0.38261,14.965,10.617,425.06,186.89,0.50435,1.2957,0,797.97,728.38,0,66.27,0,0,0.06087,0,0,95.209,0,5.1391,178.5,0,0.48696,5.0609,0,0,0,0,132.25,0,171.25,0.13913,11.357,3.0609,0.92174,0,0.026087,0,0,0,0,0,0.13913,0,0,0,0,1.5217,1.0087,0,0,0,0.086957,0,0,0,0,0,0,0,0,0,0,0
5,1978,250.34,47918,15783,0,81.766,110.39,746.5,0,4.5625,0,0.32812,1254.7,0,0,65.016,880.22,3922,1533,48.562,0,0,0,0.9375,231.86,95.297,0,65.812,0,389.78,649.97,0,138.03,0,0,128.14,0.21875,0,954.05,0,0,45.312,0,0,0,0,0,1680,0,0,11.125,85.75,0.078125,2.0625,0,5.0156,0,0,0,0,0,0,0,0,2.3906,0,0,0,0,0,0,0,0,0,0,0,0,0,0,0,0,0,0,0,0
5,1979,2330,38499,17446,0,23.182,236.53,3593.3,2419.8,118.49,12687,108.98,10814,11.873,0,491.36,4506.7,2927.1,634.4,193.95,86.564,13.873,28.818,300.64,564.4,1333.9,658.4,397.02,24.455,78.2,610.35,0,105.36,0,0,23.455,2.1636,1.1091,22.164,0,488.15,70.436,0,0.25455,2.2364,0,0,39.655,0,12535,1.3818,1332.8,0,1.1091,0,0,0,0,0,0,0,0,0,0,0,0,0,0,261.8,11821,0,0,0,553.95,0,0,0,0,0,0,0,0,0,1.6,0
5,1980,1298.4,43842,8971.9,0,60.874,7702.5,4595.7,2484,345.89,272.63,81.958,3587.4,6.5158,166.43,954.84,989.88,3236.4,252.69,222.14,43.379,47.789,4795.2,594.15,699.31,1265.3,172.33,53.842,15.705,236.95,946.44,0,283.21,0,0,1737.6,3.1474,7.4737,9.0105,1.4842,1081.9,55.684,0,0,0,0,0,26.832,0,656.49,0,1224.7,0,2.2421,0,0,0,0.084211,0,0.37895,0,0,0,0,37.968,0,0,0,4.3474,44.463,0,0,0,191.4,0,0,0,0,0,0,0,0,0,0,0
5,1981,649.93,31823,18300,8.1915,218.24,2414.2,1849,5421.4,47.628,603.54,893.7,4347.6,0,9.7234,73.862,716.59,1926.4,461.59,94.574,15.319,114.57,108.71,202.62,405.7,507.86,302.63,987.37,20.638,242.03,358.85,0,160.39,0,29.181,4191.6,11.936,49.372,14.021,32.745,165.8,26.574,0,1.5213,10.191,0,0,21.223,0,777.88,0,504.09,0,2.9149,0,0,0,0.71277,0,0.1383,0,0,0,0.010638,0,0,0,0,91.096,29.457,0,0,0,430.83,0,0,0,0,0,0,0,0,0,0,19.255
5,1982,3779.3,37954,30356,16.734,75.957,246.72,4976.8,12414,278.45,4656.7,315.62,7347.1,0,3.8617,762.77,1054,2265.5,1068.4,235.51,3.3191,162.39,29.819,608.91,296.37,326.17,5052.9,2.383,35.649,41.117,105.68,0,108.22,0,0,250.55,88.851,44.734,26.553,72.883,56.266,41.904,0.45745,0,17.106,0,0,23.777,0,0,0,325.69,0,0.42553,0,0,0,0.053191,0,0,0,0,0,0,0,0,0,0,70.362,3.4787,0,0,0,1972.2,0,0,0,0,0,0,0,0,0,0,0
5,1983,446.47,19316,9731,0.74138,255.84,9130.4,5251,4424.6,12.362,747,124.17,555.79,83.759,3.4138,601.12,1424.1,1455.9,533.83,491.53,0.36207,0.18966,1020,153.67,1837.6,609.6,293.24,281.57,0,466.12,367.64,0,142.81,0,55.724,34.931,0,0,1.069,0,0,33.483,0,0,1,0,0,6.4828,0,127.72,0,608.57,0,1.0345,0,0,0,0,0,0,0,0,0,0,0,0,0,0,8.3448,8.1034,0,0,0,713.55,0,0,0,0,0,0,0,0,0,0,0
5,1984,277.81,29822,4373.9,0,23.368,2291.9,1030.5,710.74,413.34,16.485,43.853,1729.5,0.92647,0,112.57,432.22,1637.2,31.118,531.37,56.926,5.4559,336.91,1503.3,804.93,950.85,68,68.265,3,3433,699.53,0,39.088,0,0,468.94,7.7794,0.16176,10.618,0,38.868,147.13,0,0,0,0,0,0,0,3.3235,0,950.85,0,0,0,0,0,0,0,0,0,0,0,0,0,0,0,0,0,1.3676,0,0,0,3.2794,0,0,0,0,0,0,0,0,0,0,0
5,1985,392.92,32422,6647.3,0,19.213,6464.9,43322,2921.9,149.42,750.18,22.551,791.13,0.078652,35.955,610.45,107.47,2132.9,37.618,225.36,1.5843,10.011,10973,235.75,789.99,845.07,74.831,8.618,1.7079,1682.3,2277.3,0,74.315,0,6.3708,3937.1,7.2584,2,21.18,1.5169,37.022,207.26,0,0,6.6404,0,0,50.596,0,870.87,0,843.54,0,1.5281,0,0,0,0,0,0,0,0,0,0,0,0,0,0,0.59551,7.9438,0,0,0,695.96,0,0,0,0,0,0,0,0,0,0,0
5,1986,1404.9,15609,4630.9,0,17.506,3419.7,6488,6001.7,103.37,321.46,103.31,248.85,2.1728,5.4815,284.67,4.7901,762.57,51.815,541.41,1.4444,19.383,106.69,159.57,623.25,334.9,58.506,8.4198,2.716,376.27,1656,0,62.827,0,2.1975,33.556,27.864,5.2963,16.321,7.1111,0.024691,287.04,14.37,0,15.148,0,0,1.5185,0,967.4,0,331.07,0,1.1605,0,0.061728,0,1.1852,0.44444,0.14815,0,0,0,0.79012,0,0,0,0,5.6667,71.284,0,0,0,243.33,0,0,0,0,0,0,0,0,0,0,0
5,1987,579.78,42154,4664.7,0,633.87,1772.3,5409.5,1049.9,108.29,256.94,40.732,742.72,23.938,724.64,114.02,609.81,2345.6,316.52,748.55,0,8.866,7.8763,504.8,901.23,1377,8642.9,0,11.01,297.79,547.86,0,68.907,3.1134,1.4948,307.97,4.1856,0.030928,8.0103,0.25773,0,96.897,21.206,0,5.4227,0,0,116.16,0,1391.1,0,1375.5,0,0.7732,0,0.52577,0,0.15464,0,0,0,0,0,0,0,0,0,0,214.61,0,0,0,0,38.948,0,0,0,0,0,0,0,0,0,0,0
5,1988,133.63,13095,4961.6,0,26.148,139.3,543.74,685.26,15.148,53.037,105.93,1626.4,1.2222,0.074074,97.074,260.74,1517.2,9.8148,791.37,0,12.815,4.5185,73.333,73.667,69.111,77.556,28.741,0.074074,14,71.296,0,82.963,0,0,138.3,1.5556,3.8889,12.852,0,0,114,0,3.1481,0,0,0,16.519,0,908.85,0,67.889,1.2222,0,0,0,0,0,0,0,0,0,0,0,0,0,0,0,8,0,0,0,0,41.593,0,0,0,0,0,0,0,0,0,0,0
5,1989,1081.5,32130,12793,0,57,108.25,976.42,32158,0,2165.8,0.33333,689.67,0,0,1004.2,107.75,868.25,362.08,1190.1,0,6.6667,136.58,24.083,42.833,678.5,88.417,3.8333,0,23.167,13.917,0,64.25,0,0,657.08,0,0,10.417,0,0,2.1667,0,0,0,0,0,22,0,165.75,0,678.5,0,0,0,0,0,0,0,0,0,0,0,0,0,0,0,0,1818.8,0,0,0,0,347,0,0,0,0,0,0,0,0,0,0,0
5,1990,1868.3,10611,4605.6,0,24.924,192.15,0,1607,3.7121,45.53,82.576,1156.7,0,0,643.58,189.44,331.67,101.71,2556.3,0,0,0,12.879,43.348,176.45,4.1667,0,0,15.924,85.273,0,122.02,0,0,72.803,1.5909,0,6.4242,0,0,66.97,60.621,0,4.803,0,0,4.4394,0,1530.7,0,175.89,0.19697,0.36364,0,0,0,0,0,0,0,0,0,0,0,0,0,0,7.4848,0,0,0,0,37.439,0,0,0,0,0,0,0,0,0,0,0
5,1991,8996.4,965.49,6976.7,0,148.11,12420,0,261.82,102.67,217.04,13.345,570.29,2.5636,0,80.291,2.2364,1305.3,124.76,421.24,0,0.25455,0,50.727,50.073,4.0182,1.0182,17.564,0,77.818,7.6182,0,201.62,48.055,1.2182,0,0,0,0.090909,0,0,32.855,28.418,0,7.2,0,0,4.1273,0,151.53,0,2.6545,0,0,1.3636,0,0,0,0,0,0,0,0,0,0,0,0,0,103,0,0,0,0,52.036,0,0,0,0,0,0,0,0,0,0,0
5,1992,2681.8,17107,11524,3.8205,497.54,379,1692.2,6285.8,161.88,7846.1,11.231,4843.1,37.179,0.44872,2747.1,187.73,1253.4,807.77,171.45,0,0.91026,405.1,176.23,431.26,308.67,560.5,3.8462,1.3205,1003.9,987.68,0,81.615,148.71,1.7051,35.077,74.949,0,8.0128,1.5897,0,9.6026,8.2949,0.33333,0.58974,0,0,200.44,0,1163.2,0,308.67,0,0,0,0,0,0,0,0,0,0,0,0,0,0,0,0,5137.6,0,0,0,0,2491.5,0,0,0,0,0,0,0,0,0,0,0
5,1993,733.16,25235,13156,0,1229.5,810.64,3963.2,5705.4,34.77,392.33,60.508,3516.9,50.82,69.492,1988.3,314.11,1947.6,189.59,110.16,0,116.2,30.361,203.33,201.7,542.64,198.18,60.295,64.918,67.77,492.07,0,45.754,28.475,31.033,74.18,21.148,27.82,98.311,13.443,38.049,24.869,106.74,8.9672,11.885,0,0,265.07,0,741.61,0,518.9,0,0,0,0.68852,0,23.049,0,0,0,0,0,0,0,0,0,0,279.52,0,0,0,0,102.9,0,0,0,0,0,0,0,0,0,0,0
5,1994,1608.3,26227,16069,0,838.13,3466.9,26784,4205.2,29.145,842.65,20.507,2600.8,1.5942,0,616.45,895.06,2323.3,108.61,349.12,0,50.768,83.826,46.159,518,418.54,125.93,14.203,15.638,431.65,530.07,0,61.377,12.246,10.797,33.42,108.23,1.5507,50.406,19.551,0,237.45,175.75,10.493,0.31884,0,0,101.61,0,1917.8,0,405.28,0,0,0,0,0,8.4928,0,3.4783,0,0,0,1.1014,0.18841,0,0,0,282.09,0,0,0,0,531.17,0,0,0,0,0,0,0,0,0,0,0
5,1995,2261.1,22801,9335.5,0,2070,8239.4,4988.1,11469,51.484,982.39,4.6094,1940.3,27.328,3.7969,1877.7,92,1825,1293,251.56,0,10.141,303.27,117.03,802.55,618.58,141.14,11.031,7.4062,127.97,917.8,2.375,51.453,110.72,0,14.844,15.812,2.9375,7.8594,0,0,63.109,1.8125,1.5156,0,0,0,203.48,0,852.23,0,602.61,1.375,1.375,0,1.0625,0,1.6875,0,10.469,0,0,0,0,0,0,0,0,447.73,0,0,0,0,517.67,0,0,0,0,0,0,0,0,0,0,0
5,1996,3051.7,51349,31477,0,1824,15079,5383,13106,12.154,1031.3,13.615,3815,0,0,829.1,2049.6,454.28,592.46,290.49,0,2.9744,18.385,162.9,1537.2,1659.4,7.1795,23.564,0,984.23,647.13,0,78.308,3.3846,0,48.051,1.2564,0,11.564,0,57.462,139.72,87.846,0,1.9744,0,0,61.667,0,5835.7,0,1529.7,0,127.36,0,0,0,0,0,2.4103,0,0,0,0,0,0,0,0,791.85,0,0,0,0,239.46,0,0,0,0,0,0,0,0,0,0,0
5,1997,3343.3,25689,31429,0,9861.9,13621,345.86,3735.7,20.708,1355.2,15.278,1622.2,158.18,0.90278,604.54,1373.9,1825.5,1490.3,1086,0,1.7778,18.694,48.514,1083.3,463.97,61,25.847,0,2616.5,733.54,7.6528,208.51,3.2639,0,113.79,1.7778,0.27778,29.792,0,13.333,381.92,416.61,14.375,0,0,0,38.875,0,2046.6,0,448.25,0,0.36111,0,0.66667,0,2.7778,9.3056,2.3472,0,0,0,0.27778,0,0,0,0,568,0,0,0,0,784.44,0,0,0,0,0,0,0,0,0,0,0
5,1998,8312.6,25816,29450,1.8022,15891,32459,3245.1,5672.5,27.758,6172.4,79.505,3772.7,1170.9,3.9011,2917.2,365.26,1747.8,682.99,656.44,1.4286,7.3626,82.604,105.73,1535,1078.7,10.297,29.989,1.5055,426.95,409.44,0.75824,215.92,131.49,0,104.74,2.3516,1.5385,35.242,0,1.0879,27.659,4.4396,6.2747,0,0,0,1545.5,0,5551.7,0,1075.2,0.41758,0,0,1.5055,0,0,0,1.5385,0,0,0,0,0,0,0,0,3277.5,0,0,0,0,2839.7,0,0,0,0,0,0,0,0,0,0,0
5,1999,3471.3,19564,26379,0,6750.3,19129,1904.8,3890.7,60.208,4267,56.479,9391.9,79.292,67.385,3041.6,803.2,2217.4,1248.7,902.94,15.604,32.333,123.25,168.2,1299.9,363.92,48.688,592.91,5.7708,1541.3,962.23,0,171.43,134.09,1.2604,54.396,94.188,0.17708,21.385,0.020833,367.83,37.844,14.51,36.562,1.5521,0,0,206.01,0,1961,0,357.36,0,0,0,0.052083,0,1.4271,0,4.0521,0,0,0,1.0208,0,0,0,0,3078.6,0,0,0,0,1153.1,0,0,0,0,0,0,0,0,0,0,2.4583
5,2000,19934,43264,28973,0,7232.7,13990,2669.4,5389,114.97,3017.4,8.7059,7326.6,177.79,0.76471,1782.8,515.56,2552,2629.2,2903.3,0,7.7941,24.176,273.62,2595.2,1671.6,342.01,0.029412,3.8529,213.66,578.22,9.9265,311.84,47.691,0.45588,53.235,15.353,0.35294,157.34,0,0,27.779,35.706,26.279,0.35294,0,0,181.49,0,3241.4,0,1642.6,1.0735,0,0,0.44118,0,5,0,15.515,0,0,0,6.9265,0,0,0,0,2322.9,0,0,0,0,647.94,0,0,0,0,0,0,0,0,0,0,0
5,2001,12748,44310,82485,4.5679,23765,22902,3980.1,4476.2,341.47,6956.7,5.2222,10361,20.914,11.864,11340,505.9,1867.7,4889.4,1366.7,0,76.506,3391.6,637.8,1448.1,730.73,265.77,9.2716,7.4444,210.28,1936.1,0,214.64,400.74,54.889,151.46,32.852,27.185,22.136,6.4321,8.1605,13.333,6.4444,6.9506,3.7284,0,0,163.98,0,3120.1,0,729.93,0,0.61728,0,0,0,0,0,0.18519,0,0,0,0,0,0,0,0,2853.1,0,0,0,0,4059.3,0,0,0,0,0,0,0,0,0,0,0
5,2002,816.43,30556,12252,0,1339.1,36160,4791.1,2985,78.652,205.17,14.174,660.72,113.13,4.1884,718.94,59.232,11776,6123.3,557.03,0,2.3043,603.68,509.55,2099.6,1088.9,60.043,20.087,1.0435,5362.7,1714.8,0,343.36,325.86,0,126.97,26.913,0,14.71,0,0,88.275,2.3188,124.54,0,0,0,26.029,0,7314.3,0,1078.6,0,0,0,0,0,2.5217,0,1.5942,0,0,0,6.2174,0,0,0,0,134.96,0,0,0,0,69.275,0,0,0,0,0,0,0,0,0,0,0
5,2003,571.65,60938,10842,0,462.77,1726.1,4885.1,15059,215.74,251.86,11.649,1302.1,5.9825,0.40351,1943.2,133.05,4303,1343.3,85.649,0,58.947,6011.5,401.42,665.6,699.44,11.947,6.5263,0.2807,86.439,2206.6,0,483.58,17.509,71.544,49.263,64.053,14.807,20.825,3.4561,0,518.05,11.368,0,0,0,0,105.4,0,2828.3,0,691.02,0,0,0,1.9298,0,0,0,6.4737,0,0,0,0,0,0,0,0,135.63,0,0,0,0,109.33,0,0,0,0,0,0,0,0,0,0,0
5,2004,215.72,46580,11413,0,681.78,89.338,36467,13995,138.65,486,6.0294,3055.2,42.456,0,5961.2,1246.2,12872,563.54,161.74,0,10,19932,864.81,354.72,616.41,2432.5,6.3382,0.58824,1085,1919.5,1.5588,372.82,0,0,817.6,12.574,0,3.8676,0,0,299.47,10.235,0,0,0,0,55.779,0,11032,0,611.04,0,2.9118,0,0,0,0,0,2.4559,0,0,0,0,0,0,0,0,196.96,0,0,0,0,273.21,0,0,0,0,0,0,0,0,0,0,0
5,2005,356.96,28435,6887,0.064516,452.94,2691.6,3301.5,25018,143.41,42.237,6.2581,744.4,42.946,4.3871,1729.9,113.09,4925.4,878.65,136.34,0,12.237,1437.4,238.97,349.86,555.2,120.68,67.925,4.0968,36.677,2362.9,0,159.29,8.2151,0.95699,132.24,1.828,1.4516,13.366,0.60215,0,242.23,0.31183,0,1.172,0,0,40.118,0,6350.2,0,552.97,0,0.44086,0,0,0,1.4086,0,0.096774,0,0,0,0.30108,0,0,0,0,26.548,0,0,0,0,15.215,0,0,0,0,0,0,0,0,0,0,0
5,2006,203.63,22111,5704.4,0,1294.9,1096.6,1335.6,5813.8,166.56,234.46,31.763,1330.1,61.151,7.4946,6941.3,51.011,2016.8,134.53,129.24,0,13.882,11171,212.05,270.04,529.82,110.02,548.46,2.4409,2625.9,847.96,1.828,138.49,3.5699,0,25.677,40.269,0,16.022,0,0,1140.2,9.2796,8,11.183,0,0,29.828,0,6318.3,0.24731,526.67,0.8172,0.032258,0,0.62366,0,0,0,1.6882,0,0,0,0,0,0,0,0,139.96,0,0,0,0,68.054,0,0,0,0,0,0,0,0,0,0,0
5,2007,601.49,34771,8029.2,0,330.37,4174.2,1.10E+05,5591.5,43.346,188.73,75.333,569.23,0,4.2564,1743.9,498.22,6597.7,2593.2,962.37,0,0,876.58,99.628,545.74,237.85,236.14,93.397,0,4164.7,2282,0,273.55,3.5513,0,433.72,22.462,0,7.8205,0,0,60.256,0.4359,7.1282,0,0,0,13.769,0,27854,0,236.49,0,0,0,0,0,0,0,1.0641,0,0,0,0.28205,0,0,0,0,134.5,0,0,0,0,53.885,0,0,0,0,0,0,0,0,0,0,0
5,2008,547.4,14375,3242.3,0,56.794,894.9,1643.2,1532.8,53.127,75.937,12.968,359.83,0,46.603,845.02,140.48,1449.8,59.81,1012.3,0,14.254,114.49,138.89,207.7,123.79,4.9683,24.492,3.5079,435.52,241.17,0,315.68,3.4444,0.015873,56.825,4.381,0.63492,4.7302,0,0,177.17,0,1.127,1.2381,0,0,5.5238,0,677.51,0,116.51,0,0.015873,0.015873,0.063492,0,5.7937,0,0.015873,0,0,0,1.3492,0,0,0,0,63.857,0,0,0,0,8.0159,0,0,0,0,0,0,0,0,0,0,0
5,2009,445.5,30871,4305.4,0,289.62,18218,4621,9014,14.224,166.15,8.5306,535.94,21.316,1.949,2264.6,535.84,2803.2,1530.7,5567.8,0,7.6224,4371,61.5,764.05,329.19,339.64,32.724,6.4388,626.06,534.73,0,176.16,3.3571,0,153.63,39.929,2.398,31.837,0.15306,0,198.39,0,0,0,0,0,54.724,0,6470,0,269.64,0,0.19388,0,53.143,0,0.57143,0,5.3163,0,0,0,0.33673,0,0,0,0,88.276,0,0,0,0,72.429,0,0,0,0,0,0,0,0,0,0,0
5,2010,552.73,22384,30937,0,1755.5,20237,25014,1781.8,59.458,60.979,7.6562,941.7,661.93,0,2396.7,512.43,1303.5,2834.6,134.16,0,4.0312,4977.6,317.62,734.36,661.04,1313.3,257.32,0.20833,669.02,312.21,6.6667,230.54,15.74,0.40625,20.073,0,0,12.438,0,526.16,10.573,0,0,0.03125,0,0,72.594,0,8551.2,0.95833,642.38,1.0312,7.2604,5.6875,0,0,1.4583,0,2.3333,0,0,0,0.91667,0,0,0,0,24.865,0,0,0,0,15.167,0,0,0,0,0,0,0,0,0,0,0
5,2011,1457.8,17392,28121,5.3654,1511.2,13244,13026,12702,805.39,1756.7,44.154,1411.3,464.08,0.43269,3342.5,2529.5,4554.9,600.35,123.63,2.8942,19.865,5189.4,468.14,557.59,467.92,466.48,40.26,0.85577,1411.6,2826.7,11.288,147.67,16.808,5.3077,52.827,12.067,0.83654,3.3558,0,0,25.413,0,2.1154,4.9904,0,0,74.606,0,4235.4,0.34615,453.33,0,2.9423,0,0.096154,0,0.56731,0,10.981,0,0,0,0,0,0,0,0,461.2,0,0,0,0,1234.5,0,0,0,0,0,0,0,0,0,0,0
5,2012,17159,19885,7074.7,0.025316,2229.2,16090,40923,5426.7,588.61,1366.9,4.6835,551.41,1068.4,0,574.51,151.44,6561.7,1240.5,163.71,0,1.5443,51.165,218.87,403.61,715.62,35.722,50.696,0,3293.5,1016.2,0,106.16,121.49,0,3.7975,0,0.088608,7.5316,0,0,1681.1,0,360.77,0.10127,0,0,14.544,0,1257.1,2.9494,708.9,0,0,0,0.77215,0,2.0886,0,2.5063,0,0,0,1.3671,0,0,0,0,1065.2,0,0,0,0,17.418,0,0,0,0,0,0,0,0,0,0,0
5,2013,6196.4,33334,23275,0,8067.3,962.59,3500,5683,662.55,1712.3,0,3221.3,13.786,4.4286,3922.7,959.02,4932.4,16917,105.82,0,12.589,1819.2,993.93,686.45,844.45,170.05,0,0.73214,745.23,880.41,0,129.04,29.679,0,34.554,2.5893,1,24.875,0,0,45.732,2.2143,17.839,1,0,0,59.839,0,285.57,0,833.96,0,0.089286,1.4643,1.7321,0,0.83929,0,6.25,0,0,0,0.089286,0,0,0,0,1671.8,0,0,0,0,0,0,0,0,0,0,0,0,0,0,0,0